edad,ingresos_mensuales,ahorro_mensual,deudas_mensuales,horizonte_inversion,objetivo_financiero,tolerancia_riesgo,estabilidad_ingresos,conocimiento_inversiones,colchon_seguridad
50,2658.52,2092.71,0.0,medio plazo,2,3,3,4,s
26,1199.16,100.0,1138.58,corto plazo,3,3,2,3,s
44,2193.77,2193.77,385.67,medio plazo,3,1,3,4,s
41,4493.63,2676.32,0.0,medio plazo,1,1,3,2,s
30,2658.52,1480.41,1137.46,medio plazo,1,3,1,3,n
43,1445.9,713.36,0.0,corto plazo,2,2,2,1,n
46,2769.46,1684.79,1011.45,medio plazo,2,2,1,3,s
68,2763.88,2763.88,920.59,corto plazo,1,3,2,4,s
66,4067.56,4067.56,0.0,corto plazo,2,3,3,1,s
60,1126.36,100.0,0.0,corto plazo,1,2,2,1,s
45,2494.9,1174.47,550.52,corto plazo,1,2,3,2,n
45,2652.47,2652.47,761.16,medio plazo,3,2,2,1,s
25,826.67,100.0,0.0,corto plazo,1,3,1,1,n
40,2134.14,1179.74,0.0,corto plazo,2,1,1,2,n
46,2956.07,1850.59,0.0,corto plazo,3,2,3,3,n
22,2002.73,1207.07,0.0,largo plazo,3,2,1,4,s
59,828.81,100.0,366.64,corto plazo,2,2,3,3,s
24,3640.48,2333.29,0.0,largo plazo,2,3,3,1,n
59,1859.35,1297.46,0.0,corto plazo,2,1,3,4,s
53,1326.2,1326.2,692.71,medio plazo,1,1,2,3,s
58,1946.11,1099.22,821.77,corto plazo,3,2,3,4,n
44,1842.72,760.53,0.0,corto plazo,1,3,1,1,n
63,7203.52,5885.66,0.0,corto plazo,1,1,2,3,s
19,2676.62,1235.04,0.0,medio plazo,1,3,1,4,n
42,855.85,100.0,1017.54,corto plazo,1,1,3,4,s
26,2998.71,2363.35,350.02,corto plazo,3,2,3,3,s
44,2144.16,1131.86,564.69,corto plazo,3,3,1,3,n
18,1568.26,797.64,0.0,corto plazo,1,2,2,1,n
40,1211.5,100.0,0.0,medio plazo,2,1,1,2,s
27,5991.13,3843.67,1388.88,largo plazo,3,1,3,4,n
59,2048.09,994.97,1052.32,corto plazo,1,2,2,3,s
69,1927.91,1927.91,0.0,corto plazo,2,1,3,3,n
42,1392.34,1392.34,0.0,corto plazo,2,2,3,3,s
20,891.46,100.0,0.0,corto plazo,1,2,1,4,n
23,2772.88,1389.32,0.0,largo plazo,3,2,3,1,s
23,2201.84,1397.35,0.0,corto plazo,2,1,1,2,s
19,1674.71,1674.71,0.0,corto plazo,3,3,2,4,n
35,2958.61,853.77,0.0,largo plazo,3,2,3,1,s
40,2270.07,1351.49,1412.6,largo plazo,2,3,3,4,s
19,1181.75,252.15,1178.04,largo plazo,1,1,2,4,s
29,2625.43,1545.7,0.0,largo plazo,2,1,1,3,s
39,2751.59,1426.74,0.0,medio plazo,2,3,3,1,s
54,3292.75,1879.52,1026.97,medio plazo,3,2,2,3,n
37,2303.15,1150.91,687.63,medio plazo,1,1,3,3,s
56,2482.58,1049.01,0.0,corto plazo,3,2,1,1,s
41,2164.29,703.13,609.44,largo plazo,2,2,1,3,s
65,7383.25,7383.25,717.11,corto plazo,1,3,1,3,n
37,1250.97,100.0,1051.2,medio plazo,1,1,1,2,n
18,1353.92,100.0,0.0,corto plazo,1,3,2,1,s
18,1238.99,1238.99,316.38,corto plazo,1,1,3,1,s
34,998.64,100.0,1405.11,corto plazo,1,3,2,3,n
18,2917.83,2036.39,820.16,medio plazo,2,1,1,3,n
69,2146.08,2146.08,0.0,corto plazo,2,1,1,1,s
62,1182.57,616.04,0.0,corto plazo,2,1,1,1,n
47,952.73,290.19,618.0,corto plazo,3,2,1,4,s
58,2160.95,1328.95,0.0,medio plazo,1,2,3,1,s
64,2037.05,1305.27,653.18,corto plazo,1,3,1,4,s
20,1330.64,788.17,0.0,largo plazo,2,3,3,3,n
63,6212.83,6212.83,0.0,corto plazo,1,1,1,2,s
28,965.3,100.0,0.0,medio plazo,3,1,3,2,s
41,2397.4,1359.62,219.73,largo plazo,1,2,3,4,n
39,5491.28,4923.17,0.0,corto plazo,1,2,1,3,s
61,1021.71,100.0,0.0,corto plazo,3,2,2,3,s
62,6444.43,4324.06,0.0,corto plazo,2,3,2,3,s
43,1261.79,100.0,876.59,corto plazo,2,2,2,1,n
30,2730.44,1951.02,0.0,medio plazo,1,3,2,3,n
18,5807.42,5807.42,591.81,largo plazo,3,2,2,1,s
41,2588.16,1260.04,0.0,largo plazo,2,2,1,4,n
27,926.63,926.63,0.0,corto plazo,2,1,1,2,s
52,1609.12,643.3,0.0,corto plazo,2,3,1,4,s
41,854.09,110.36,1475.88,largo plazo,1,2,1,3,n
45,880.7,880.7,0.0,medio plazo,3,1,1,3,n
53,2172.57,2172.57,0.0,medio plazo,1,3,1,4,s
33,2269.79,2269.79,876.59,corto plazo,2,3,3,1,n
57,2758.58,2758.58,927.99,corto plazo,3,2,3,1,n
33,1197.27,121.86,567.9,medio plazo,1,3,1,1,n
34,2019.58,734.72,0.0,largo plazo,2,1,1,2,s
68,1179.1,584.78,0.0,corto plazo,2,1,3,2,s
32,2352.27,2352.27,0.0,medio plazo,1,3,3,3,n
33,1430.39,1430.39,0.0,corto plazo,2,1,1,4,s
32,1200.14,463.05,0.0,largo plazo,2,3,3,4,s
51,1871.54,944.04,0.0,corto plazo,3,1,2,3,n
28,1403.15,433.63,624.96,largo plazo,2,3,2,1,s
18,1672.39,1147.43,0.0,corto plazo,1,3,2,2,n
32,1932.6,779.63,206.13,corto plazo,3,3,3,4,s
43,1931.32,1112.19,271.64,largo plazo,1,1,1,3,s
68,2811.71,1937.9,0.0,corto plazo,2,3,1,1,n
21,875.65,100.0,0.0,corto plazo,3,3,1,1,s
60,1766.93,806.26,0.0,corto plazo,3,2,3,2,n
22,1000.65,100.0,0.0,corto plazo,3,2,3,2,s
52,932.31,221.43,0.0,medio plazo,3,3,2,3,s
30,2320.06,876.13,0.0,corto plazo,1,2,3,3,s
27,924.03,924.03,1313.6,corto plazo,2,3,2,1,n
28,2549.99,1684.1,1459.66,corto plazo,2,2,2,1,s
35,1582.48,100.0,0.0,medio plazo,3,1,1,4,s
51,2775.67,1433.65,238.66,medio plazo,2,1,3,1,n
56,2773.64,2773.64,0.0,corto plazo,1,3,1,3,n
58,2318.87,877.34,0.0,medio plazo,2,3,1,2,s
59,1222.11,1222.11,0.0,corto plazo,1,1,3,3,n
67,2259.78,765.2,0.0,corto plazo,1,1,3,4,n
40,1261.79,180.6,0.0,corto plazo,2,2,2,4,n
24,2359.9,2359.9,808.58,corto plazo,1,3,2,2,n
56,2298.46,1797.11,0.0,medio plazo,1,1,2,3,s
20,1106.89,100.0,0.0,medio plazo,1,1,2,4,n
29,967.49,100.0,0.0,largo plazo,1,3,1,3,s
24,2529.96,1464.27,782.34,largo plazo,3,2,1,4,s
66,1309.68,100.0,0.0,corto plazo,2,2,3,2,s
43,2259.78,2259.78,0.0,largo plazo,3,2,2,4,n
50,1740.59,1740.59,994.33,medio plazo,1,2,2,3,n
54,1916.43,455.27,658.5,medio plazo,2,1,2,3,s
65,3176.56,2511.67,0.0,corto plazo,1,3,1,4,s
32,985.03,100.0,1258.93,largo plazo,2,3,3,1,n
19,1971.76,777.95,0.0,corto plazo,3,1,1,2,n
58,1486.0,700.09,0.0,corto plazo,2,1,3,2,s
24,1138.57,100.0,0.0,largo plazo,1,1,3,4,n
49,1083.54,412.24,0.0,medio plazo,2,3,1,4,n
21,1754.47,1754.47,0.0,corto plazo,2,3,1,1,s
37,6928.26,5444.95,1073.97,corto plazo,3,3,3,2,n
67,2409.5,2409.5,0.0,corto plazo,1,2,1,1,n
53,7209.67,4777.97,0.0,medio plazo,2,1,1,2,s
49,1930.78,1230.01,0.0,medio plazo,3,1,3,4,n
45,2573.04,1937.68,1316.01,largo plazo,2,1,3,2,s
30,886.49,100.0,0.0,medio plazo,1,3,2,2,n
18,2992.73,1969.59,0.0,largo plazo,2,1,1,2,s
52,2812.7,1530.65,0.0,medio plazo,2,1,3,1,n
65,7594.63,7071.1,0.0,corto plazo,2,2,1,1,s
47,2348.98,1804.01,424.05,corto plazo,2,3,1,2,n
53,2423.67,2423.67,0.0,corto plazo,1,1,3,3,n
42,1175.15,100.0,0.0,corto plazo,3,3,2,1,n
33,2979.11,2437.15,0.0,largo plazo,3,3,3,4,s
36,2556.25,1605.47,1380.87,corto plazo,2,3,3,4,n
18,2999.38,1802.68,1353.89,corto plazo,1,2,1,2,s
22,1035.36,100.0,0.0,corto plazo,1,3,2,4,n
68,2183.67,789.41,0.0,corto plazo,1,3,3,1,n
39,2229.22,1647.56,0.0,largo plazo,1,3,1,3,n
41,3026.15,1540.84,0.0,largo plazo,1,1,3,3,n
60,1029.04,100.0,0.0,corto plazo,1,2,1,3,n
62,1293.39,1293.39,1353.89,corto plazo,2,1,3,4,n
69,1181.75,100.0,0.0,corto plazo,3,2,2,2,s
54,1501.75,1501.75,940.14,corto plazo,3,2,3,4,s
53,1905.98,820.91,885.29,medio plazo,2,3,1,2,n
53,2234.31,1681.92,0.0,medio plazo,3,3,3,3,n
21,1588.62,148.21,0.0,corto plazo,1,1,2,1,n
53,1101.64,151.52,448.57,corto plazo,1,2,2,4,n
69,2444.44,1864.21,0.0,corto plazo,3,3,2,1,n
35,995.15,100.0,0.0,medio plazo,1,3,2,3,s
67,1993.99,1103.24,1157.13,corto plazo,1,3,1,2,n
33,5200.99,4382.89,535.15,medio plazo,3,3,3,1,n
58,2260.37,1646.23,0.0,medio plazo,2,1,2,4,s
35,1207.29,100.0,0.0,largo plazo,3,1,3,1,s
39,2704.12,1651.35,0.0,medio plazo,3,3,1,1,s
19,1231.16,1231.16,0.0,corto plazo,3,3,3,4,n
38,4909.7,4909.7,0.0,medio plazo,3,3,3,2,n
53,846.79,100.0,566.33,medio plazo,2,3,2,4,n
61,1308.36,100.0,653.39,corto plazo,2,3,2,3,n
56,2969.2,1720.97,0.0,medio plazo,1,2,1,2,n
64,1993.93,1241.29,0.0,corto plazo,1,2,3,1,s
56,6943.07,6943.07,0.0,corto plazo,3,2,1,4,n
46,2201.84,759.18,0.0,medio plazo,1,2,1,3,n
43,2970.66,2318.88,0.0,medio plazo,2,3,1,4,n
38,6097.95,4755.62,0.0,largo plazo,1,2,2,2,s
34,3794.54,3794.54,0.0,largo plazo,1,2,2,3,n
33,1043.04,100.0,1059.76,corto plazo,1,1,3,1,n
48,2755.25,1542.01,391.69,largo plazo,3,2,3,2,n
68,2212.34,1042.3,0.0,corto plazo,1,2,3,3,n
26,2972.87,2009.06,0.0,corto plazo,2,3,2,2,s
48,2940.62,1505.45,0.0,largo plazo,2,2,2,1,s
31,1674.03,227.28,0.0,largo plazo,2,2,1,3,s
66,2932.83,2422.34,930.06,corto plazo,2,3,2,4,n
54,2249.55,1720.39,0.0,medio plazo,1,2,1,4,s
19,3410.86,2331.13,346.1,corto plazo,3,3,1,1,s
69,1171.66,505.64,531.74,corto plazo,2,2,2,3,n
65,2591.83,1556.81,0.0,corto plazo,2,1,1,1,n
63,854.09,100.0,292.64,corto plazo,3,1,1,1,s
31,1893.78,1141.14,0.0,largo plazo,3,2,3,2,s
50,5491.28,3839.91,0.0,medio plazo,2,1,1,4,s
52,1360.21,1360.21,0.0,medio plazo,2,3,2,1,s
56,1935.86,1056.24,0.0,medio plazo,3,2,2,2,n
64,2384.08,2384.08,0.0,corto plazo,2,3,1,1,n
68,2590.35,1517.13,0.0,corto plazo,2,1,3,1,s
37,2345.46,1704.36,0.0,corto plazo,1,3,2,1,s
19,1988.03,888.25,0.0,largo plazo,3,1,2,4,s
68,2705.59,2054.9,0.0,corto plazo,1,1,3,3,n
58,6538.4,6538.4,0.0,medio plazo,1,1,1,4,n
36,2609.58,1938.15,0.0,largo plazo,3,3,2,2,n
54,2984.52,2984.52,949.01,corto plazo,1,1,1,3,s
35,1343.63,593.85,0.0,corto plazo,2,2,1,2,n
33,1978.7,1978.7,0.0,corto plazo,1,1,1,1,s
21,2085.49,1537.4,0.0,corto plazo,3,2,1,3,s
29,1823.45,1823.45,1385.37,medio plazo,2,2,2,2,n
46,1188.36,1188.36,0.0,corto plazo,2,2,3,1,s
24,1662.94,973.54,0.0,largo plazo,2,2,2,2,n
31,1727.13,1727.13,0.0,largo plazo,2,3,3,2,n
29,2461.3,2461.3,0.0,medio plazo,1,2,1,4,s
52,6382.34,4567.33,0.0,corto plazo,1,1,3,1,s
22,4811.18,4103.22,0.0,largo plazo,2,2,1,4,n
34,853.5,100.0,0.0,medio plazo,3,1,2,3,n
59,1698.6,250.09,0.0,medio plazo,2,3,2,1,n
49,868.49,100.0,0.0,medio plazo,1,2,3,4,n
27,2034.06,1302.58,0.0,medio plazo,2,1,1,4,n
60,1563.3,1563.3,0.0,corto plazo,1,3,1,3,n
34,2710.92,1869.07,347.25,medio plazo,2,3,3,2,n
22,2477.03,1339.93,0.0,largo plazo,3,1,1,2,s
62,1091.97,1091.97,1380.87,corto plazo,2,2,1,2,n
59,2567.66,2059.69,0.0,corto plazo,3,3,1,3,s
26,2554.05,2554.05,1005.44,corto plazo,3,1,2,4,s
66,2993.12,1618.95,0.0,corto plazo,2,2,2,1,n
50,1420.48,420.0,0.0,corto plazo,3,3,2,3,n
53,2375.14,2375.14,265.59,medio plazo,3,1,1,2,n
53,2054.13,1242.44,0.0,medio plazo,1,3,2,2,n
35,1626.28,257.64,480.96,corto plazo,1,3,1,1,n
26,2359.24,1769.32,0.0,corto plazo,3,1,1,3,s
46,4776.92,3836.35,0.0,corto plazo,2,3,3,2,s
67,1768.34,357.17,0.0,corto plazo,3,1,1,3,n
31,2782.55,1928.85,0.0,medio plazo,2,2,2,4,n
42,2193.65,939.79,1327.93,largo plazo,1,1,2,3,n
32,2668.29,1679.26,1110.59,medio plazo,2,2,1,4,n
23,2334.44,1474.64,376.14,medio plazo,3,3,2,1,s
59,2352.27,1440.93,0.0,medio plazo,3,1,1,4,s
46,2936.33,2354.66,0.0,medio plazo,3,1,3,4,s
32,1364.44,512.9,0.0,largo plazo,3,1,1,1,n
46,2181.38,2181.38,1459.66,corto plazo,3,1,1,2,n
21,1991.6,866.39,0.0,largo plazo,2,2,3,1,n
35,6610.35,6610.35,886.46,medio plazo,3,2,2,3,s
67,1415.95,661.07,0.0,corto plazo,1,3,3,1,s
66,1946.11,1071.63,0.0,corto plazo,3,3,3,3,s
61,2181.38,1298.1,1262.1,corto plazo,2,3,1,2,n
56,1013.79,100.0,0.0,medio plazo,3,3,1,3,s
33,2602.03,2602.03,0.0,corto plazo,3,1,3,1,n
28,1582.48,586.78,225.28,largo plazo,2,2,2,1,s
31,1649.43,1649.43,0.0,largo plazo,3,2,3,2,n
20,2783.88,2783.88,0.0,medio plazo,2,2,2,1,n
68,6301.51,5043.25,375.17,corto plazo,3,2,3,2,n
67,2277.74,2277.74,0.0,corto plazo,1,3,3,2,n
59,2536.18,1677.84,0.0,corto plazo,3,1,2,1,s
55,2010.5,2010.5,385.45,medio plazo,2,2,3,4,s
62,5899.92,4218.75,0.0,corto plazo,1,1,1,3,s
59,2825.85,1382.68,0.0,medio plazo,2,1,3,4,n
35,4528.02,3051.83,507.24,medio plazo,3,1,1,2,s
37,1493.64,360.23,0.0,largo plazo,1,1,2,3,n
65,2334.44,899.27,1181.58,corto plazo,2,2,2,4,s
42,2697.2,2185.72,0.0,medio plazo,1,2,1,1,s
55,978.3,978.3,0.0,corto plazo,1,2,3,4,n
30,4528.02,3740.19,263.13,corto plazo,2,3,1,3,n
21,2876.93,1527.4,0.0,medio plazo,1,2,1,3,n
31,2144.16,950.35,0.0,corto plazo,2,3,2,3,s
50,1427.21,100.0,0.0,medio plazo,1,3,1,3,n
45,1590.88,157.75,0.0,largo plazo,1,3,3,4,s
69,2861.9,2090.4,0.0,corto plazo,1,2,1,1,s
54,821.5,217.82,293.25,medio plazo,3,2,2,1,s
25,2559.68,1674.88,0.0,largo plazo,3,2,3,3,n
61,2011.89,679.05,0.0,corto plazo,2,3,2,1,s
51,1986.15,1189.76,283.53,medio plazo,1,3,1,4,n
61,1041.42,100.0,0.0,corto plazo,2,1,1,1,n
22,2393.55,1682.76,0.0,largo plazo,3,3,2,2,s
22,1742.01,901.46,927.99,largo plazo,3,3,2,1,s
48,1893.32,622.87,624.96,medio plazo,3,2,3,3,s
62,6123.32,5548.5,0.0,corto plazo,3,1,2,1,s
26,6882.24,5365.56,0.0,corto plazo,2,1,2,1,n
59,1577.53,1001.87,1102.04,corto plazo,1,1,1,1,n
49,1718.3,903.48,0.0,corto plazo,2,2,1,1,n
50,2249.13,1509.98,0.0,corto plazo,1,1,2,2,n
20,1568.26,1568.26,921.27,corto plazo,3,1,2,4,n
47,4477.22,2752.62,480.96,corto plazo,1,2,1,3,n
67,3385.29,2670.62,0.0,corto plazo,3,1,3,3,n
29,1367.35,170.08,0.0,corto plazo,2,3,3,1,n
46,2482.58,1573.8,225.28,largo plazo,1,3,3,4,n
20,1844.19,1844.19,303.55,corto plazo,2,3,3,1,s
43,1454.17,1454.17,0.0,medio plazo,3,3,1,2,s
47,1063.48,299.0,0.0,corto plazo,2,3,2,4,n
26,2940.62,1537.43,0.0,largo plazo,3,3,3,4,n
43,1971.7,874.92,0.0,largo plazo,3,3,1,4,s
19,2699.33,2699.33,890.56,medio plazo,3,3,2,4,s
20,1941.98,579.01,914.26,medio plazo,2,3,3,1,s
63,2730.22,1367.21,0.0,corto plazo,2,2,2,2,n
21,2623.54,1707.33,0.0,medio plazo,1,2,3,4,s
42,2482.74,100.0,0.0,corto plazo,1,3,2,3,s
68,2288.33,1671.26,0.0,corto plazo,2,2,3,3,s
30,2759.16,1984.78,0.0,largo plazo,2,2,3,2,s
56,2007.21,877.17,331.23,medio plazo,2,3,2,3,s
61,2072.45,100.0,0.0,corto plazo,2,3,2,1,n
52,4919.16,3694.93,0.0,corto plazo,3,2,2,1,s
40,1167.49,292.05,0.0,medio plazo,3,3,1,2,n
26,1794.84,100.0,0.0,largo plazo,3,3,1,4,s
19,1689.11,917.74,0.0,largo plazo,2,3,2,3,s
58,2233.12,2233.12,722.36,medio plazo,3,3,1,3,s
61,1087.92,1087.92,0.0,corto plazo,3,2,3,2,s
48,6918.96,5006.56,0.0,largo plazo,1,1,2,2,s
61,824.98,256.87,0.0,corto plazo,1,2,1,3,n
64,2063.84,2063.84,0.0,corto plazo,3,1,2,4,n
19,1273.44,1273.44,0.0,medio plazo,3,1,3,2,n
49,2156.63,1378.5,0.0,medio plazo,3,1,3,1,n
35,2496.01,1205.99,507.24,largo plazo,2,2,1,3,n
30,2160.95,1197.13,0.0,medio plazo,1,2,3,2,n
63,1083.54,409.29,0.0,corto plazo,1,2,2,2,n
22,2984.52,2984.52,1194.85,largo plazo,1,2,1,2,s
59,3606.93,1220.64,290.74,medio plazo,3,2,2,3,n
61,1890.08,945.97,1165.68,corto plazo,2,1,2,1,s
27,869.49,100.0,0.0,medio plazo,1,2,2,1,s
60,1332.52,1332.52,0.0,corto plazo,1,1,3,3,n
42,2201.84,1028.6,774.4,largo plazo,2,2,2,2,s
51,2508.51,1428.89,0.0,medio plazo,3,2,3,3,s
54,1332.08,436.37,0.0,medio plazo,3,3,2,3,n
47,2933.81,2933.81,0.0,largo plazo,1,1,3,2,s
24,1535.34,1535.34,0.0,largo plazo,1,2,3,3,n
23,2918.85,818.89,813.16,medio plazo,2,2,3,4,s
20,2988.71,1492.44,438.12,largo plazo,1,2,2,1,n
30,1587.96,680.24,0.0,largo plazo,2,3,2,4,s
20,1068.48,100.0,0.0,largo plazo,1,1,3,4,n
43,1935.86,1935.86,0.0,largo plazo,1,2,2,4,s
41,2233.12,1601.16,0.0,medio plazo,1,2,3,3,n
23,2348.05,259.03,0.0,largo plazo,3,2,2,2,s
60,2296.5,1559.42,1465.41,corto plazo,2,3,3,3,s
66,2515.09,1273.48,1354.19,corto plazo,2,2,3,1,n
59,1185.82,640.5,1448.74,corto plazo,3,1,1,3,s
29,2344.33,1597.81,0.0,largo plazo,3,1,2,3,n
66,1086.19,1086.19,0.0,corto plazo,3,1,2,3,s
53,1250.97,672.41,1327.93,corto plazo,2,1,1,3,s
19,2696.43,1744.35,0.0,largo plazo,1,2,3,4,n
28,2707.56,1333.84,1408.23,largo plazo,3,3,3,2,s
56,2812.66,2812.66,0.0,medio plazo,3,3,1,1,n
51,2446.17,2446.17,0.0,corto plazo,3,3,1,1,s
43,2538.07,1088.87,772.29,medio plazo,1,2,3,1,s
35,1797.24,641.18,214.73,medio plazo,1,3,2,3,s
38,6306.85,5512.9,0.0,largo plazo,3,1,1,1,s
53,6181.46,4655.89,0.0,medio plazo,1,2,1,4,n
57,1106.58,1106.58,0.0,medio plazo,3,3,1,2,n
69,1430.39,652.55,857.5,corto plazo,1,1,1,3,s
63,2430.47,1677.11,1255.83,corto plazo,2,1,1,3,s
61,2626.48,1188.07,950.18,corto plazo,2,2,1,4,n
39,2582.25,2582.25,0.0,medio plazo,1,2,3,1,s
47,6678.32,5318.49,0.0,corto plazo,2,3,3,3,n
67,1309.68,359.2,0.0,corto plazo,2,3,1,3,s
60,1799.99,858.84,0.0,corto plazo,2,3,3,4,s
47,1399.08,590.12,0.0,medio plazo,3,2,2,4,n
25,2926.64,1925.06,0.0,largo plazo,1,3,2,1,s
51,1332.52,100.0,1448.74,medio plazo,1,3,1,2,n
64,1451.88,452.57,1182.81,corto plazo,1,1,2,2,n
26,6180.89,4857.28,0.0,corto plazo,2,1,2,1,n
68,2793.98,2793.98,0.0,corto plazo,3,1,3,2,n
37,2212.47,1370.62,0.0,largo plazo,1,3,3,4,n
57,2609.46,206.21,0.0,medio plazo,2,2,3,4,n
42,1042.11,1042.11,399.79,largo plazo,3,1,3,4,s
36,1623.99,100.0,0.0,corto plazo,3,2,2,2,n
22,1453.67,100.0,0.0,corto plazo,1,3,1,2,n
28,1815.25,802.35,1193.15,medio plazo,1,3,3,3,s
32,1251.31,100.0,0.0,medio plazo,2,1,2,3,n
25,1630.03,1630.03,0.0,medio plazo,1,2,3,3,s
36,1004.83,100.0,0.0,corto plazo,2,1,2,2,n
40,1298.64,414.6,967.17,corto plazo,3,3,3,3,n
44,858.01,100.0,1353.89,medio plazo,3,2,1,4,n
57,2970.61,2088.35,0.0,corto plazo,3,1,3,2,s
49,6943.07,5788.91,0.0,corto plazo,3,3,1,1,s
43,7640.42,6430.3,0.0,largo plazo,1,1,3,2,n
44,4464.11,4464.11,809.75,largo plazo,1,2,3,3,n
36,1893.95,1388.92,1094.68,medio plazo,2,2,3,2,s
67,2326.1,452.15,0.0,corto plazo,2,2,2,3,s
59,2992.6,1779.82,0.0,medio plazo,2,2,2,3,s
46,2940.62,1646.14,1257.43,corto plazo,2,2,1,1,n
56,1238.99,356.74,624.81,medio plazo,2,1,1,1,s
58,1378.85,466.98,0.0,medio plazo,3,1,2,4,s
50,2722.56,1648.12,1492.97,medio plazo,3,1,1,3,s
36,1541.17,100.0,0.0,corto plazo,3,1,1,2,s
54,1686.56,1686.56,347.25,medio plazo,2,3,2,1,s
36,1061.4,100.0,0.0,medio plazo,3,3,2,1,s
50,2970.59,747.51,0.0,medio plazo,3,1,2,3,s
64,1944.36,1393.87,0.0,corto plazo,3,3,2,2,n
33,1618.44,394.19,0.0,corto plazo,3,3,3,1,s
40,3495.89,3495.89,1026.72,corto plazo,1,2,2,1,n
24,2150.65,1368.73,770.19,corto plazo,2,1,1,2,n
43,1127.06,597.9,0.0,corto plazo,2,3,3,1,s
49,2767.02,1464.17,1182.81,corto plazo,1,3,3,2,n
29,1153.78,111.79,0.0,corto plazo,3,1,1,3,n
25,1857.29,1857.29,0.0,medio plazo,3,2,3,1,s
22,1799.63,928.46,271.64,largo plazo,3,1,1,3,n
59,2759.16,2759.16,0.0,corto plazo,2,2,3,2,s
45,1857.12,1085.62,861.62,medio plazo,2,3,3,3,s
22,2229.19,1718.7,869.07,largo plazo,2,2,1,3,s
66,1656.24,100.0,0.0,corto plazo,2,2,1,3,s
43,2949.78,2949.78,0.0,corto plazo,2,1,1,4,s
22,1242.05,100.0,0.0,medio plazo,1,3,1,2,s
39,1932.6,1932.6,0.0,largo plazo,2,1,2,2,s
32,1324.0,100.0,0.0,corto plazo,3,1,2,2,n
30,863.32,100.0,1257.43,largo plazo,2,3,1,2,s
45,2499.1,1115.54,822.31,medio plazo,1,1,2,2,n
50,1353.92,570.62,0.0,corto plazo,3,1,1,1,s
60,2558.7,928.2,821.4,corto plazo,1,2,1,1,s
40,2335.96,860.48,577.48,medio plazo,3,1,3,1,s
50,2190.98,1614.41,1221.37,medio plazo,2,3,1,3,n
60,914.01,331.99,0.0,corto plazo,1,1,1,3,n
35,2090.54,680.33,0.0,largo plazo,3,2,1,2,n
67,2210.14,1649.03,1080.07,corto plazo,2,1,1,4,n
47,1732.22,338.24,0.0,corto plazo,3,1,3,2,n
43,6629.9,5618.26,0.0,largo plazo,1,1,1,1,n
33,1484.88,116.24,0.0,largo plazo,1,2,3,2,s
30,1842.72,788.38,874.91,largo plazo,1,3,1,3,s
56,6728.67,5672.21,0.0,medio plazo,1,3,3,2,n
50,2758.01,1275.96,0.0,medio plazo,2,2,2,1,n
43,1887.72,895.49,515.83,largo plazo,3,2,3,2,n
65,1219.51,100.0,0.0,corto plazo,2,1,3,3,n
18,1445.9,534.56,1242.86,corto plazo,1,3,1,4,n
66,1876.8,620.46,219.73,corto plazo,3,2,3,1,s
55,979.87,351.93,0.0,corto plazo,1,3,3,2,s
19,1977.68,782.06,0.0,largo plazo,2,1,1,3,s
66,2970.33,1215.79,0.0,corto plazo,2,2,2,1,s
23,4811.18,3819.12,785.07,largo plazo,2,3,2,1,s
63,1527.98,871.94,0.0,corto plazo,3,3,2,3,s
67,2461.59,1953.54,0.0,corto plazo,3,1,3,2,s
55,1101.15,100.0,1160.61,medio plazo,1,2,1,2,s
59,828.6,100.0,0.0,medio plazo,3,3,2,2,n
41,2303.15,992.89,0.0,corto plazo,3,1,2,1,n
35,2200.15,1594.29,0.0,medio plazo,2,3,2,4,s
44,1789.53,759.64,0.0,corto plazo,1,1,2,1,s
58,1006.76,108.88,0.0,medio plazo,2,3,1,2,s
25,2113.05,823.04,0.0,largo plazo,1,3,2,1,n
45,1926.6,1090.93,0.0,medio plazo,1,1,3,4,n
27,2707.47,568.98,0.0,medio plazo,3,2,3,1,s
34,2413.95,1722.82,0.0,largo plazo,2,1,1,3,n
46,2149.51,1198.82,0.0,medio plazo,3,2,2,2,s
23,1285.07,466.81,0.0,largo plazo,3,3,2,2,s
31,1346.68,100.0,0.0,corto plazo,3,3,3,2,s
39,1783.85,299.61,0.0,medio plazo,1,1,1,1,s
23,2157.72,2157.72,0.0,largo plazo,2,1,3,1,s
43,1925.69,1330.78,0.0,largo plazo,2,2,1,1,n
56,2142.73,1629.04,0.0,medio plazo,3,2,1,2,s
29,2083.46,452.96,0.0,corto plazo,1,2,1,1,s
52,2233.12,1138.98,826.07,medio plazo,2,1,3,2,s
31,2972.87,1732.71,0.0,largo plazo,2,3,1,1,s
39,1743.79,1167.35,709.6,corto plazo,3,1,3,2,n
68,2044.61,1226.35,0.0,corto plazo,1,3,3,3,s
40,1956.52,1240.27,0.0,largo plazo,3,1,2,1,s
65,1666.5,603.95,0.0,corto plazo,2,1,3,2,n
24,7306.85,6191.6,0.0,corto plazo,1,2,3,3,s
57,2961.23,1951.08,0.0,corto plazo,3,3,2,3,s
67,1399.08,188.94,0.0,corto plazo,2,1,2,4,s
42,2916.78,1961.4,0.0,corto plazo,3,1,2,1,s
30,879.07,100.0,1305.56,corto plazo,3,3,1,2,n
38,2730.22,2079.53,0.0,medio plazo,3,1,1,4,s
58,1350.53,100.0,0.0,corto plazo,1,3,2,1,s
27,976.51,100.0,779.4,corto plazo,2,2,1,3,n
26,2354.91,2354.91,0.0,largo plazo,2,2,2,1,s
32,1537.43,100.0,0.0,corto plazo,2,3,1,2,s
69,2751.87,2751.87,0.0,corto plazo,2,2,3,3,n
19,1686.56,1157.4,0.0,largo plazo,1,3,1,4,s
42,1674.71,652.75,0.0,largo plazo,3,1,1,1,n
30,2566.28,1926.68,861.81,medio plazo,2,1,3,1,s
51,1015.78,1015.78,0.0,medio plazo,1,3,2,4,n
68,1207.29,1207.29,0.0,corto plazo,3,1,1,1,s
51,7363.65,6343.2,0.0,medio plazo,1,2,1,1,s
52,1055.36,100.0,0.0,corto plazo,1,1,3,1,n
55,2050.28,999.23,0.0,medio plazo,2,1,3,3,s
20,1068.48,1068.48,0.0,corto plazo,2,3,3,3,n
59,2172.57,811.25,0.0,corto plazo,3,2,3,2,n
23,2564.83,1210.57,0.0,medio plazo,3,1,2,1,n
65,1756.62,100.0,1434.78,corto plazo,2,1,1,2,n
66,826.64,100.0,1138.58,corto plazo,1,3,1,3,s
36,2705.34,2160.38,1285.37,medio plazo,2,3,1,1,n
20,6079.93,6079.93,0.0,medio plazo,3,2,1,2,s
35,2121.31,989.09,1333.81,medio plazo,1,1,2,1,s
56,2461.59,1455.26,0.0,corto plazo,1,3,1,1,n
26,932.31,932.31,0.0,corto plazo,1,3,2,4,n
69,3591.68,2487.83,0.0,corto plazo,2,3,2,2,s
29,2861.31,1385.93,0.0,largo plazo,2,2,3,3,n
22,2358.4,1575.03,0.0,largo plazo,3,3,3,2,s
20,1113.49,100.0,1450.42,largo plazo,1,2,1,2,n
28,1052.64,202.7,0.0,corto plazo,1,2,2,2,s
47,1493.64,655.99,588.52,medio plazo,2,1,3,4,s
21,962.35,278.9,0.0,largo plazo,3,1,2,1,n
22,1828.28,100.0,0.0,largo plazo,3,2,3,3,s
18,1308.36,218.42,0.0,corto plazo,1,1,2,4,s
44,2475.32,1951.79,0.0,largo plazo,2,1,1,3,n
45,1122.02,1122.02,0.0,medio plazo,1,3,1,4,n
46,2345.46,997.54,0.0,corto plazo,2,1,2,1,n
35,1855.73,359.16,0.0,corto plazo,3,2,3,3,n
29,2384.08,2384.08,0.0,medio plazo,1,1,3,2,n
30,2767.22,1490.42,0.0,medio plazo,1,3,1,4,s
58,1213.87,700.23,0.0,medio plazo,1,2,1,3,s
19,1100.17,107.94,0.0,largo plazo,3,1,1,1,n
54,1299.99,196.14,0.0,medio plazo,1,2,3,3,s
62,1130.37,100.0,878.27,corto plazo,3,1,3,4,s
33,1583.41,138.3,798.08,medio plazo,2,3,1,1,s
65,2972.83,2180.31,942.42,corto plazo,3,1,2,2,s
41,2537.34,2537.34,0.0,corto plazo,2,2,3,4,s
52,2354.25,1130.01,0.0,medio plazo,3,2,1,4,n
39,7000.35,5626.63,865.07,medio plazo,3,2,2,1,n
53,6639.7,5976.36,1373.68,medio plazo,1,1,3,4,s
28,1275.28,661.14,0.0,medio plazo,3,1,2,3,s
63,5991.13,5172.86,0.0,corto plazo,1,1,2,2,n
46,2876.93,1634.11,1094.68,medio plazo,2,3,3,3,n
52,1723.4,1723.4,0.0,medio plazo,2,3,1,1,n
65,2715.66,1249.11,580.66,corto plazo,1,3,2,4,n
32,6211.63,6211.63,307.56,corto plazo,2,2,1,2,s
48,1616.29,100.0,0.0,corto plazo,3,2,3,1,n
59,1855.73,100.0,0.0,medio plazo,1,2,2,3,n
58,2109.17,2109.17,0.0,corto plazo,1,2,2,4,s
60,2330.65,891.59,0.0,corto plazo,1,2,2,4,n
33,2549.59,1587.2,0.0,largo plazo,2,1,2,1,n
27,1950.82,979.95,805.16,largo plazo,2,2,2,3,n
66,2980.57,1885.21,0.0,corto plazo,3,1,3,4,n
49,2111.79,2111.79,0.0,medio plazo,3,3,2,3,n
68,2946.9,1705.3,1035.61,corto plazo,1,3,3,2,s
19,1181.04,593.5,0.0,corto plazo,3,3,1,4,s
41,866.85,100.0,990.0,corto plazo,2,3,3,2,s
40,2643.85,2643.85,0.0,largo plazo,3,3,2,4,s
19,2467.26,311.36,654.74,largo plazo,2,2,1,1,s
55,2608.09,2608.09,0.0,medio plazo,3,2,3,4,n
48,2231.93,1320.84,0.0,largo plazo,2,2,3,4,n
68,1298.29,100.0,0.0,corto plazo,2,3,3,3,n
57,2461.3,2461.3,0.0,medio plazo,3,3,2,3,n
43,1712.6,677.58,0.0,medio plazo,3,1,2,2,n
46,6079.93,5301.46,785.92,largo plazo,2,2,3,2,n
20,2221.02,885.65,0.0,medio plazo,1,3,3,2,n
31,2527.39,1735.89,1475.88,medio plazo,3,3,1,4,n
42,1537.43,719.45,1257.43,medio plazo,2,3,2,4,n
65,1065.4,553.92,1154.5,corto plazo,3,1,2,2,n
18,2770.15,1847.5,0.0,corto plazo,3,3,1,1,n
20,1905.8,1905.8,0.0,corto plazo,3,1,3,1,n
43,2992.6,1878.62,0.0,medio plazo,3,1,3,4,n
35,5197.02,3748.28,0.0,corto plazo,3,2,1,1,s
26,2698.15,873.23,0.0,corto plazo,1,3,3,1,n
55,6821.86,6821.86,632.55,medio plazo,1,1,3,2,s
40,2306.41,1781.44,0.0,largo plazo,1,3,1,1,n
38,1677.06,592.22,504.46,medio plazo,2,2,1,1,n
18,2860.81,2048.89,0.0,medio plazo,1,2,1,4,n
38,1288.64,611.44,0.0,medio plazo,1,1,3,4,s
44,3607.51,2364.68,0.0,largo plazo,2,2,1,4,s
59,2555.19,1340.0,212.25,corto plazo,1,2,3,1,n
23,899.67,100.0,0.0,largo plazo,3,2,2,2,n
61,1084.15,100.0,0.0,corto plazo,1,3,2,3,n
53,2662.2,1799.76,0.0,corto plazo,1,3,1,4,n
45,2709.42,1983.69,0.0,corto plazo,1,1,3,4,s
62,2403.82,1608.15,0.0,corto plazo,3,1,3,4,s
34,5859.36,4717.73,693.48,corto plazo,3,2,3,2,n
57,1882.66,1272.59,0.0,corto plazo,3,2,1,3,s
69,2775.72,1812.6,0.0,corto plazo,3,1,3,3,s
20,816.64,816.64,0.0,corto plazo,2,2,3,4,n
29,2192.82,1263.84,0.0,medio plazo,3,1,3,1,n
56,2861.9,2223.89,1464.41,medio plazo,3,3,2,4,n
29,2197.21,1497.7,723.47,corto plazo,3,2,3,4,s
19,2121.14,969.62,264.15,corto plazo,3,2,2,1,n
63,2244.82,1445.96,0.0,corto plazo,2,2,3,1,s
39,1926.89,493.76,453.57,medio plazo,1,3,3,4,n
40,2560.78,1836.8,0.0,corto plazo,1,3,3,2,n
47,2594.83,1618.37,0.0,largo plazo,3,2,2,2,s
22,5106.24,3849.48,0.0,medio plazo,3,1,3,1,s
26,1938.97,742.27,0.0,medio plazo,3,3,1,4,s
38,1293.39,168.06,1104.65,medio plazo,1,2,3,2,s
28,2133.76,1462.46,1465.38,corto plazo,1,2,2,4,s
22,1858.96,1858.96,0.0,corto plazo,3,3,2,4,s
52,4349.1,3529.45,1278.26,medio plazo,1,1,1,4,n
44,1672.39,914.29,0.0,corto plazo,2,2,1,2,s
66,2210.52,1700.03,0.0,corto plazo,3,1,1,3,s
19,2978.12,2271.9,0.0,medio plazo,3,1,2,4,n
41,1160.04,348.24,1262.1,corto plazo,2,3,3,2,s
48,1626.28,612.08,0.0,largo plazo,2,2,3,3,s
50,2731.54,1307.29,0.0,corto plazo,1,2,1,1,n
56,1322.6,100.0,911.63,corto plazo,2,1,1,2,n
47,2420.08,1826.89,748.38,medio plazo,3,3,3,3,n
63,2215.23,2215.23,0.0,corto plazo,1,3,1,2,s
54,2732.73,1410.4,0.0,medio plazo,2,3,3,3,n
68,986.64,100.0,0.0,corto plazo,1,1,3,3,s
45,2473.73,335.24,336.63,largo plazo,1,1,3,2,n
48,996.07,407.08,0.0,largo plazo,1,2,3,1,s
28,2180.96,1445.96,0.0,medio plazo,1,3,2,4,n
40,1141.53,100.0,0.0,corto plazo,2,1,3,3,n
19,2643.85,1772.68,588.52,medio plazo,3,3,1,4,n
57,1353.92,100.0,1320.44,medio plazo,3,1,1,1,s
58,1795.1,1164.6,0.0,medio plazo,2,2,1,4,s
44,2848.09,1834.72,0.0,medio plazo,3,3,1,4,n
52,2794.24,2794.24,0.0,medio plazo,1,1,2,2,n
19,5711.19,4736.24,0.0,medio plazo,1,3,3,2,n
56,3987.35,3987.35,922.69,medio plazo,1,1,3,1,n
54,2517.68,1420.58,0.0,medio plazo,2,1,1,2,s
38,2091.05,932.97,0.0,largo plazo,1,1,1,3,n
22,1971.7,1390.03,0.0,medio plazo,1,3,1,1,n
69,1101.0,1101.0,0.0,corto plazo,2,1,3,2,s
62,2002.76,1004.72,514.98,corto plazo,1,2,2,2,s
38,1541.17,249.71,0.0,largo plazo,1,3,2,1,n
46,1308.36,1308.36,0.0,corto plazo,3,2,2,3,n
37,2548.58,2040.62,531.74,corto plazo,2,2,2,1,s
55,864.34,100.0,0.0,medio plazo,1,3,1,2,s
37,2728.64,1444.65,0.0,medio plazo,1,1,3,2,n
67,2618.21,2004.67,1313.6,corto plazo,1,2,1,1,s
42,2682.53,1748.17,350.02,largo plazo,1,3,2,3,s
19,1681.68,1681.68,0.0,corto plazo,3,1,1,3,n
49,1412.9,798.15,0.0,largo plazo,3,3,2,4,n
43,7899.85,6332.47,0.0,medio plazo,3,3,3,3,s
23,1881.55,581.84,0.0,corto plazo,3,3,2,1,n
58,884.54,100.0,0.0,medio plazo,2,1,1,3,n
20,4672.56,4672.56,0.0,largo plazo,1,2,3,3,n
50,1095.71,387.76,0.0,medio plazo,3,2,2,4,n
18,1181.25,515.19,0.0,largo plazo,1,3,2,3,n
68,1409.13,327.94,0.0,corto plazo,2,3,3,4,s
22,2501.64,1555.44,0.0,largo plazo,1,1,1,4,s
30,4203.46,2591.1,0.0,largo plazo,1,3,3,3,n
36,2332.82,1029.97,0.0,medio plazo,3,3,1,2,n
29,2069.19,694.07,1183.1,largo plazo,3,3,2,1,n
65,7782.51,6551.19,0.0,corto plazo,2,2,2,1,s
42,2799.87,2296.73,0.0,largo plazo,1,3,3,3,s
68,2421.12,1608.07,475.66,corto plazo,3,2,2,1,s
52,2100.81,100.0,0.0,medio plazo,3,1,3,1,s
29,2014.2,1232.28,0.0,corto plazo,3,1,2,4,n
47,2602.22,1995.16,0.0,corto plazo,2,2,2,2,n
22,1219.51,168.46,376.14,medio plazo,1,2,1,1,s
51,4325.23,2998.74,0.0,corto plazo,3,2,3,2,s
39,920.48,920.48,0.0,corto plazo,1,2,3,1,n
56,2393.55,982.02,0.0,corto plazo,2,3,2,2,n
30,6180.89,6180.89,0.0,medio plazo,1,2,1,2,n
64,2834.33,1801.07,223.9,corto plazo,3,2,1,1,n
20,1726.99,1726.99,1220.51,medio plazo,1,2,3,4,n
37,1276.83,1276.83,0.0,medio plazo,1,3,3,2,s
48,2688.51,1870.2,1325.83,medio plazo,2,3,2,2,n
22,2992.73,2037.86,623.51,corto plazo,2,3,3,1,s
41,2384.08,1608.32,0.0,largo plazo,1,1,2,2,s
57,2775.67,2057.41,0.0,medio plazo,1,3,1,2,n
50,2210.14,1259.66,0.0,medio plazo,1,2,3,4,s
25,2598.38,478.0,0.0,largo plazo,2,3,1,2,s
41,2781.54,2028.75,0.0,largo plazo,2,3,1,4,n
67,2599.63,1750.74,0.0,corto plazo,1,2,2,2,s
37,1659.99,1659.99,0.0,corto plazo,2,3,1,2,n
33,1310.28,162.05,0.0,largo plazo,3,1,2,4,n
67,1623.99,327.98,0.0,corto plazo,2,3,2,4,s
69,2080.78,100.0,792.31,corto plazo,2,1,1,3,n
29,2171.89,865.13,0.0,corto plazo,2,1,1,2,n
30,1750.28,740.13,959.62,largo plazo,3,1,2,4,s
62,2721.53,1790.42,658.5,corto plazo,3,2,2,2,n
59,1523.25,964.15,1252.7,medio plazo,3,3,1,2,s
56,1883.78,1883.78,0.0,corto plazo,1,1,2,2,s
42,1941.62,1427.29,0.0,medio plazo,1,1,2,1,n
63,978.3,100.0,767.56,corto plazo,3,3,3,3,s
49,1091.97,100.0,444.42,medio plazo,1,2,3,1,n
41,2588.16,2588.16,0.0,largo plazo,1,2,3,3,s
65,1801.48,1801.48,0.0,corto plazo,1,1,3,2,n
64,5991.13,5364.74,0.0,corto plazo,3,2,3,2,n
61,2946.9,1769.43,0.0,corto plazo,2,3,2,4,s
26,1412.9,131.93,0.0,medio plazo,3,2,2,3,s
57,1491.58,215.29,0.0,medio plazo,3,3,3,3,n
67,1756.62,523.62,1327.93,corto plazo,1,1,1,1,n
40,887.16,100.0,0.0,corto plazo,1,3,3,3,s
67,2577.26,1745.15,0.0,corto plazo,2,1,1,2,n
30,1130.92,100.0,0.0,medio plazo,2,3,2,4,n
49,2515.66,1695.63,0.0,medio plazo,2,3,1,1,s
67,2042.65,844.12,0.0,corto plazo,2,2,2,4,s
32,1298.29,1298.29,0.0,largo plazo,3,3,1,3,n
53,2374.81,1549.13,1267.09,medio plazo,2,1,2,3,s
66,1122.02,232.12,1011.45,corto plazo,3,3,2,1,s
22,2574.43,2007.91,943.12,medio plazo,1,1,3,3,n
39,1114.58,100.0,0.0,medio plazo,2,1,2,4,s
33,1107.5,100.0,0.0,largo plazo,1,3,3,2,s
58,2517.68,1437.94,0.0,corto plazo,1,2,3,1,n
27,1134.45,336.38,434.83,corto plazo,3,3,3,3,s
41,5711.19,4775.79,0.0,corto plazo,2,3,1,4,n
35,2109.85,1559.63,0.0,corto plazo,3,2,1,2,s
66,2946.34,1854.04,0.0,corto plazo,1,1,2,3,s
35,3403.01,1694.61,874.91,largo plazo,2,3,3,1,n
24,1616.29,1004.4,1160.61,corto plazo,1,2,3,3,s
21,2602.03,1900.18,494.0,largo plazo,1,2,2,3,s
43,856.79,100.0,0.0,largo plazo,2,1,3,3,s
22,1392.34,272.37,0.0,corto plazo,2,2,2,2,s
33,2455.22,1434.77,0.0,corto plazo,2,1,3,2,s
52,1560.47,856.22,0.0,corto plazo,3,3,1,3,s
43,2085.49,1154.38,1365.17,medio plazo,3,2,2,3,n
35,2210.14,891.77,1448.74,largo plazo,1,3,2,1,s
46,2531.19,1510.74,0.0,corto plazo,2,2,1,3,s
40,2890.14,1975.94,0.0,medio plazo,1,2,2,4,n
31,1399.08,100.0,0.0,largo plazo,1,3,1,4,n
32,2468.12,1686.21,0.0,medio plazo,1,2,3,1,n
66,2672.66,2091.62,269.5,corto plazo,1,3,1,2,s
50,1799.63,949.43,328.54,corto plazo,1,3,1,3,n
42,2467.26,1111.13,293.58,largo plazo,2,1,2,1,n
38,1168.76,1168.76,0.0,medio plazo,3,3,3,2,s
34,1360.28,809.72,0.0,largo plazo,2,1,1,1,n
40,1749.65,1749.65,272.8,corto plazo,2,3,3,2,s
60,1068.48,100.0,0.0,corto plazo,2,2,1,3,s
34,6180.89,6180.89,0.0,medio plazo,3,3,2,1,s
31,2296.5,380.24,0.0,medio plazo,3,2,1,3,s
46,1165.82,587.27,0.0,largo plazo,3,1,1,1,s
37,4028.44,4028.44,1194.85,medio plazo,2,2,3,2,n
47,2796.65,1987.69,0.0,medio plazo,3,3,1,1,s
36,985.11,100.0,0.0,medio plazo,1,2,2,4,n
56,983.7,367.24,0.0,corto plazo,3,1,2,4,s
30,5197.02,5197.02,470.2,corto plazo,2,2,1,1,n
35,3215.87,2143.23,0.0,medio plazo,2,2,1,4,s
40,7783.07,6843.02,1210.53,largo plazo,1,3,3,3,s
63,972.87,100.0,1052.32,corto plazo,3,3,3,4,s
50,1635.32,100.0,385.45,medio plazo,3,2,2,4,n
56,1153.78,100.0,0.0,medio plazo,1,1,3,3,n
57,1100.02,1100.02,0.0,medio plazo,2,2,1,3,n
35,1565.18,1565.18,0.0,largo plazo,2,1,2,2,s
26,1837.47,517.04,0.0,corto plazo,3,1,3,3,s
50,1167.49,373.54,0.0,medio plazo,3,1,2,1,n
49,1276.83,558.92,0.0,largo plazo,3,2,1,4,s
34,1404.57,296.16,0.0,medio plazo,3,1,3,2,n
36,1043.39,100.0,1156.12,corto plazo,3,2,1,3,s
44,2468.12,1891.32,0.0,largo plazo,2,1,1,4,n
23,2793.98,525.06,707.11,corto plazo,2,1,2,1,n
52,1341.11,193.0,824.02,medio plazo,2,2,2,1,s
54,880.7,100.0,297.66,corto plazo,2,3,2,2,n
51,2298.46,2298.46,0.0,medio plazo,1,3,3,1,s
37,1012.69,157.56,0.0,corto plazo,2,2,3,4,s
42,1751.5,1751.5,1233.87,largo plazo,1,2,2,3,s
21,1420.48,219.61,0.0,medio plazo,2,3,3,1,n
27,7024.94,5943.75,1210.53,largo plazo,3,3,3,3,n
27,1883.01,1216.96,0.0,medio plazo,3,3,2,4,n
41,1948.94,760.17,587.47,corto plazo,3,2,1,4,s
38,2331.27,1573.16,0.0,corto plazo,1,1,3,3,s
28,2988.8,2018.88,0.0,medio plazo,2,2,3,4,n
44,3591.68,3077.05,0.0,medio plazo,2,3,1,2,s
33,2345.46,2345.46,0.0,medio plazo,1,1,1,1,s
43,2279.54,1244.52,0.0,corto plazo,1,2,1,2,n
47,1229.53,704.3,0.0,medio plazo,1,3,2,2,n
66,6775.21,5489.28,0.0,corto plazo,1,2,1,2,s
33,2944.54,2944.54,0.0,largo plazo,1,1,2,3,s
24,3640.48,3023.47,966.07,medio plazo,3,3,1,3,n
33,3285.27,2330.87,0.0,largo plazo,2,2,1,4,n
52,1890.08,1052.78,574.03,medio plazo,1,1,2,3,s
33,1159.75,100.0,767.56,largo plazo,3,1,2,4,s
57,2701.59,311.45,0.0,corto plazo,1,2,1,3,s
29,2168.59,1424.43,0.0,largo plazo,3,1,1,4,n
52,2002.76,2002.76,0.0,medio plazo,1,3,1,1,s
66,2358.4,2358.4,1278.6,corto plazo,2,1,3,4,s
38,1006.08,100.0,0.0,corto plazo,1,2,1,1,s
67,2710.63,2094.93,0.0,corto plazo,1,3,2,4,s
60,914.34,100.0,0.0,corto plazo,2,1,3,3,s
53,1934.31,797.22,0.0,corto plazo,2,1,2,3,s
65,2566.66,2566.66,911.63,corto plazo,1,3,3,1,n
34,2409.5,2409.5,0.0,corto plazo,2,3,3,2,n
49,4909.7,3633.21,1464.41,largo plazo,2,1,2,2,n
58,2556.25,1463.95,0.0,medio plazo,3,3,3,4,s
23,2232.71,459.01,275.68,medio plazo,2,2,2,3,n
41,2391.52,1263.4,0.0,largo plazo,2,1,1,2,s
44,2946.34,1755.62,0.0,largo plazo,1,2,3,3,s
37,2455.22,1912.39,0.0,corto plazo,1,1,2,3,s
42,886.49,100.0,1216.13,corto plazo,3,2,3,3,s
19,2711.59,1504.92,0.0,largo plazo,1,2,2,4,s
26,956.62,100.0,0.0,corto plazo,2,3,1,1,n
45,812.15,277.14,0.0,medio plazo,2,1,1,4,n
55,4365.35,3693.27,0.0,medio plazo,2,3,3,2,n
20,1472.15,1472.15,0.0,corto plazo,1,3,3,1,s
37,2557.32,1089.52,0.0,corto plazo,2,1,2,2,n
23,1793.05,810.34,0.0,corto plazo,2,2,2,1,s
56,1087.92,100.0,1088.46,medio plazo,3,1,3,1,n
50,7959.05,6767.84,0.0,corto plazo,3,1,2,4,n
18,6873.17,6873.17,0.0,largo plazo,3,1,2,3,n
54,1519.47,926.2,554.63,corto plazo,1,3,2,3,n
23,1545.87,1545.87,0.0,largo plazo,2,1,3,1,n
62,1990.79,1261.61,212.71,corto plazo,2,1,1,4,n
51,2717.38,1693.82,0.0,corto plazo,2,1,1,2,s
64,987.77,100.0,805.16,corto plazo,3,2,2,2,s
32,1726.99,454.47,1289.86,largo plazo,2,2,3,3,s
62,2149.51,1432.27,0.0,corto plazo,2,2,2,3,s
43,1442.72,341.04,1345.31,largo plazo,2,2,1,2,s
31,2066.04,1100.36,0.0,medio plazo,2,3,2,2,n
24,2515.09,1562.17,703.34,largo plazo,2,3,1,4,s
63,2164.68,1513.99,959.62,corto plazo,1,1,3,2,s
48,2772.88,1443.57,1322.46,corto plazo,2,3,2,4,s
41,7434.62,6653.59,0.0,corto plazo,1,2,3,3,s
48,1565.18,324.55,438.43,largo plazo,2,1,2,2,s
46,1316.21,1316.21,1495.01,corto plazo,1,1,2,3,s
59,2420.08,1016.99,0.0,corto plazo,2,2,2,1,s
49,5991.13,5084.57,412.69,largo plazo,2,2,2,1,s
34,6538.4,5054.17,0.0,corto plazo,2,2,2,1,s
31,2932.83,2932.83,0.0,largo plazo,2,3,3,2,n
57,2598.06,1901.17,1113.89,medio plazo,3,1,3,3,s
53,978.97,100.0,0.0,corto plazo,2,2,1,2,s
65,1905.65,982.99,1479.35,corto plazo,1,1,2,3,n
41,2965.68,2965.68,0.0,corto plazo,3,1,1,4,n
62,927.78,398.28,283.53,corto plazo,3,3,3,2,s
44,1401.17,100.0,861.09,corto plazo,2,1,1,1,s
42,2541.47,1737.85,0.0,medio plazo,1,2,3,4,s
49,2980.76,1929.71,0.0,corto plazo,1,2,2,3,n
69,1109.89,219.29,0.0,corto plazo,3,1,1,2,s
35,981.24,100.0,0.0,largo plazo,1,1,1,3,n
63,2461.3,1653.77,1293.74,corto plazo,2,3,1,3,n
35,2958.61,1761.91,0.0,corto plazo,2,2,1,2,n
54,6301.51,5407.38,0.0,corto plazo,2,2,2,2,n
43,1677.06,715.89,0.0,largo plazo,2,1,3,3,n
26,2204.76,661.44,391.12,medio plazo,2,1,3,3,s
52,1695.2,1695.2,0.0,medio plazo,3,1,2,4,s
25,1700.71,224.52,0.0,corto plazo,2,2,3,1,n
37,2279.72,922.53,0.0,corto plazo,2,1,1,3,n
59,1893.78,1267.43,0.0,corto plazo,3,3,2,1,n
39,2323.01,1777.56,0.0,corto plazo,3,3,3,4,n
36,856.41,856.41,331.23,largo plazo,3,1,2,1,s
47,1635.53,1635.53,0.0,corto plazo,1,3,2,1,n
45,1739.64,448.17,0.0,largo plazo,1,3,3,4,n
52,1549.77,626.22,410.82,corto plazo,2,3,3,3,s
60,2100.81,2100.81,0.0,corto plazo,2,3,2,1,s
28,1308.36,100.0,558.06,medio plazo,2,3,2,3,s
48,4464.11,3105.99,0.0,corto plazo,1,2,3,3,s
66,2888.95,2055.34,0.0,corto plazo,2,1,2,2,n
65,2900.7,2302.11,1216.13,corto plazo,2,3,3,3,n
56,2860.53,2315.57,0.0,corto plazo,1,1,2,3,n
53,1367.35,595.57,0.0,corto plazo,3,3,2,1,n
47,934.97,336.39,494.0,corto plazo,1,2,2,3,n
40,1466.88,296.85,1450.45,medio plazo,2,2,3,3,n
36,2247.26,614.33,0.0,largo plazo,1,3,1,2,n
29,1403.27,1403.27,0.0,medio plazo,3,3,3,2,n
32,2482.74,1932.18,0.0,largo plazo,3,3,2,1,n
48,1109.89,292.33,0.0,medio plazo,3,2,1,1,s
60,2995.46,2995.46,0.0,corto plazo,3,2,1,2,n
54,1046.22,100.0,0.0,medio plazo,3,1,2,2,s
54,2520.46,2520.46,0.0,medio plazo,3,2,3,4,s
32,5771.13,5239.35,0.0,largo plazo,2,3,1,3,s
46,2288.33,894.73,0.0,largo plazo,2,1,1,1,s
67,2812.66,2142.55,0.0,corto plazo,1,2,3,1,n
60,849.43,100.0,0.0,corto plazo,2,2,3,3,s
43,2354.91,2354.91,940.14,largo plazo,3,3,1,3,s
61,2799.87,1985.05,0.0,corto plazo,2,1,3,1,n
19,1623.4,740.11,0.0,largo plazo,1,2,1,2,s
37,1298.64,670.87,0.0,largo plazo,3,2,2,2,n
32,2355.09,868.84,0.0,medio plazo,2,3,3,3,n
69,1094.83,513.79,0.0,corto plazo,2,1,1,1,n
21,986.54,100.0,290.74,corto plazo,1,1,3,3,n
39,2482.58,1826.3,0.0,medio plazo,3,1,3,2,s
67,2474.26,1432.89,0.0,corto plazo,1,1,1,4,n
55,2055.34,999.85,0.0,medio plazo,3,3,2,4,s
40,1808.16,311.76,0.0,largo plazo,3,2,1,2,s
43,2457.43,1305.34,812.78,corto plazo,2,2,3,3,n
68,1881.51,625.17,0.0,corto plazo,1,1,1,4,s
28,2329.32,1271.39,0.0,medio plazo,1,1,3,2,n
45,5160.38,4345.56,0.0,medio plazo,1,1,1,1,s
19,2978.12,1688.63,0.0,medio plazo,3,2,2,3,s
25,4429.53,3849.31,0.0,medio plazo,1,2,2,3,s
46,1301.46,678.06,1181.58,largo plazo,3,1,2,4,s
28,2098.65,1212.03,0.0,corto plazo,1,3,2,3,n
54,834.0,100.0,0.0,corto plazo,1,2,1,4,n
35,2133.58,2133.58,0.0,medio plazo,2,2,2,4,s
67,5049.52,5049.52,0.0,corto plazo,1,1,1,2,s
31,2085.49,1144.92,0.0,medio plazo,2,3,3,4,s
27,2771.4,1575.78,0.0,medio plazo,2,1,3,1,s
52,1301.46,100.0,570.39,corto plazo,3,1,3,3,n
26,2421.12,1491.5,808.58,medio plazo,1,3,2,4,s
52,2099.96,613.24,0.0,corto plazo,1,3,2,3,s
28,1042.11,1042.11,0.0,medio plazo,1,3,2,4,s
61,7000.35,7000.35,0.0,corto plazo,2,2,3,2,n
29,1855.73,582.17,0.0,medio plazo,1,1,3,1,s
20,2594.83,1616.5,0.0,corto plazo,3,2,3,3,n
56,2759.16,1309.26,0.0,medio plazo,3,3,3,2,n
31,2172.57,2172.57,1137.46,medio plazo,1,2,1,3,s
45,2798.59,1607.91,0.0,medio plazo,2,3,1,2,s
28,2212.47,963.08,0.0,corto plazo,3,3,2,1,s
56,1230.74,177.63,0.0,medio plazo,3,1,2,4,n
42,2850.66,2097.08,0.0,medio plazo,2,1,3,2,n
38,2496.79,1431.11,0.0,medio plazo,3,1,1,3,s
27,899.5,274.28,0.0,corto plazo,2,2,1,3,n
60,1114.58,100.0,0.0,corto plazo,3,1,2,2,s
32,1333.44,100.0,0.0,medio plazo,2,3,1,1,s
36,1023.13,395.74,0.0,medio plazo,3,1,2,1,s
65,4349.1,4349.1,504.46,corto plazo,1,2,3,4,s
39,1303.36,100.0,0.0,largo plazo,3,1,3,4,s
38,2005.51,2005.51,809.75,largo plazo,3,1,2,3,s
69,2668.23,2668.23,0.0,corto plazo,1,1,3,3,n
61,2859.67,2013.11,0.0,corto plazo,1,2,3,4,n
49,2564.83,1969.1,452.91,medio plazo,1,3,1,4,n
67,2137.02,2137.02,0.0,corto plazo,1,3,1,4,s
40,1462.12,189.13,0.0,largo plazo,2,3,1,2,s
30,2902.15,2237.52,0.0,corto plazo,2,1,1,4,s
22,2397.4,1696.85,0.0,corto plazo,3,1,1,2,n
21,5803.3,4683.68,0.0,medio plazo,3,2,2,2,s
45,1953.93,490.1,0.0,medio plazo,3,3,2,4,n
31,2871.22,1617.36,0.0,largo plazo,2,1,1,1,s
25,5541.8,4724.11,0.0,medio plazo,3,1,3,1,n
26,2566.28,1281.18,796.24,medio plazo,3,1,3,3,s
68,880.68,100.0,304.12,corto plazo,2,2,2,4,s
52,1181.04,361.02,988.66,medio plazo,3,3,2,3,n
54,1101.15,462.71,1242.11,medio plazo,2,2,2,4,n
38,828.6,828.6,0.0,largo plazo,2,3,3,3,n
35,2212.34,1271.19,0.0,corto plazo,1,3,2,2,s
50,1932.6,1260.51,0.0,medio plazo,1,1,3,4,n
25,2281.55,2281.55,0.0,largo plazo,2,1,2,1,n
68,978.3,978.3,0.0,corto plazo,2,1,3,4,s
66,2329.32,1158.64,0.0,corto plazo,1,1,2,3,s
34,1485.79,298.75,0.0,medio plazo,3,1,2,3,n
60,932.59,100.0,0.0,corto plazo,3,3,3,3,s
48,1881.55,418.4,0.0,largo plazo,3,1,2,3,n
51,2019.19,2019.19,1001.13,medio plazo,2,1,1,3,n
23,2183.67,780.58,0.0,corto plazo,1,2,3,3,n
39,2410.89,2410.89,0.0,largo plazo,3,2,2,1,s
31,2144.16,2144.16,861.81,medio plazo,1,3,3,3,n
20,987.76,100.0,0.0,corto plazo,1,3,2,1,n
29,1599.99,691.87,507.24,largo plazo,2,2,1,4,s
53,2868.51,1927.36,827.71,corto plazo,3,2,2,2,n
29,1721.64,416.67,0.0,corto plazo,1,1,2,1,n
62,1573.57,1573.57,770.19,corto plazo,2,1,1,4,n
19,2087.78,1545.79,0.0,medio plazo,2,3,3,2,s
19,1978.82,1340.81,0.0,largo plazo,2,2,2,1,n
32,5290.93,3886.17,294.11,largo plazo,3,3,2,1,s
40,1990.85,353.22,0.0,medio plazo,3,1,1,4,s
46,2121.31,1062.96,1450.45,largo plazo,2,3,3,3,n
34,1799.99,560.58,0.0,largo plazo,3,3,3,1,n
49,1370.73,100.0,0.0,largo plazo,3,3,1,1,s
24,2303.17,1796.49,0.0,corto plazo,1,1,1,4,n
47,2031.21,2031.21,1286.65,corto plazo,2,3,2,3,n
45,1599.99,1007.89,419.86,corto plazo,2,1,1,2,s
31,1001.48,100.0,0.0,largo plazo,3,2,1,3,n
61,985.03,985.03,0.0,corto plazo,2,3,1,3,n
47,2889.56,2101.73,0.0,corto plazo,2,3,3,4,s
34,2707.56,286.05,0.0,medio plazo,2,1,1,3,n
49,2696.68,1256.46,0.0,largo plazo,3,3,2,4,s
63,2150.65,1426.67,0.0,corto plazo,3,1,2,2,s
23,7203.52,6142.94,0.0,largo plazo,3,3,2,1,n
68,1918.86,435.55,1490.6,corto plazo,1,2,1,1,s
41,1841.06,100.0,0.0,corto plazo,2,2,3,4,n
23,2250.58,100.0,0.0,corto plazo,1,2,1,4,n
44,1871.54,1303.43,0.0,corto plazo,3,3,1,3,s
35,1485.79,279.15,385.67,corto plazo,1,3,2,3,s
41,2083.46,2083.46,923.69,medio plazo,2,2,1,1,s
54,998.64,101.19,614.76,corto plazo,2,2,3,1,s
41,2890.52,1405.35,616.95,largo plazo,3,1,2,1,s
55,5951.74,4455.17,0.0,corto plazo,3,1,3,4,s
51,1130.92,100.0,0.0,medio plazo,1,2,3,2,n
57,2563.8,1399.6,0.0,corto plazo,3,2,3,2,n
64,1628.22,1628.22,400.39,corto plazo,1,3,1,4,s
32,1424.31,100.0,0.0,medio plazo,2,2,1,3,n
28,2181.38,1075.9,1312.34,largo plazo,2,1,1,2,s
39,1978.7,940.92,0.0,corto plazo,2,1,1,3,s
41,3744.44,2555.68,0.0,corto plazo,2,1,2,1,n
18,2210.14,1593.22,0.0,corto plazo,2,1,1,1,n
35,1584.86,1078.18,0.0,largo plazo,1,1,2,3,s
61,2104.47,720.09,0.0,corto plazo,2,1,3,1,s
29,2614.3,1602.01,0.0,medio plazo,1,2,2,4,s
60,7959.05,5880.07,1358.56,corto plazo,2,1,1,3,n
45,2333.43,1007.52,0.0,medio plazo,1,1,2,3,s
57,4203.46,3578.24,0.0,medio plazo,1,1,1,3,s
24,2163.09,468.32,1158.18,largo plazo,1,1,1,2,n
40,2107.85,1476.19,614.76,largo plazo,3,2,2,3,n
38,2435.72,1054.1,0.0,medio plazo,1,3,2,3,n
51,2842.3,2304.21,0.0,medio plazo,1,3,3,3,s
28,1091.55,212.33,0.0,medio plazo,2,3,3,2,s
39,2783.88,1298.07,0.0,medio plazo,1,3,3,1,n
59,1549.77,645.2,515.83,corto plazo,1,1,3,2,s
52,2588.57,1776.88,618.0,corto plazo,3,3,3,4,s
69,2984.52,1941.5,0.0,corto plazo,2,3,2,3,n
46,2359.9,1595.39,869.07,medio plazo,3,2,3,4,n
59,2109.17,676.04,217.43,corto plazo,3,2,2,2,s
45,1780.99,755.73,0.0,corto plazo,3,2,3,1,n
35,2176.96,1651.72,0.0,corto plazo,1,1,1,1,n
31,3591.68,1719.56,0.0,largo plazo,3,1,3,3,s
35,863.32,293.52,0.0,medio plazo,3,1,1,1,s
45,2049.48,1275.09,0.0,corto plazo,2,2,2,2,s
41,2010.5,891.73,0.0,largo plazo,2,3,3,2,s
25,1941.93,1941.93,0.0,largo plazo,2,2,2,1,s
59,2602.22,1163.8,0.0,medio plazo,2,1,3,3,s
62,843.36,100.0,0.0,corto plazo,3,2,2,3,n
25,2141.04,2141.04,544.62,largo plazo,2,3,3,2,n
21,1136.29,432.27,0.0,medio plazo,1,1,3,1,n
44,2537.34,1460.72,0.0,largo plazo,3,3,1,2,s
53,2446.17,231.27,0.0,medio plazo,2,3,2,2,s
22,2527.04,2527.04,0.0,largo plazo,3,1,2,4,s
50,1537.43,1537.43,0.0,medio plazo,2,3,2,2,s
66,1769.68,922.72,663.31,corto plazo,3,2,2,3,s
51,2956.07,2257.98,0.0,corto plazo,2,3,2,1,n
47,2833.67,1507.75,588.52,medio plazo,1,3,1,1,s
25,1052.64,100.0,1405.11,medio plazo,2,3,3,4,n
56,2769.26,1920.37,0.0,corto plazo,3,2,1,4,s
64,1859.35,951.72,0.0,corto plazo,3,3,2,3,n
43,2011.89,980.0,1255.83,corto plazo,1,3,2,4,n
54,2736.17,1503.79,940.32,corto plazo,3,2,3,2,n
51,2933.81,2036.86,0.0,medio plazo,1,1,1,2,n
24,7013.22,6446.52,0.0,corto plazo,3,1,3,3,n
57,1208.16,100.0,0.0,medio plazo,3,1,3,1,n
45,1656.24,458.53,0.0,medio plazo,1,3,1,3,n
56,2451.92,1334.7,0.0,medio plazo,3,1,3,4,s
56,5200.99,2810.86,0.0,medio plazo,3,2,1,1,s
45,1567.51,1567.51,896.36,largo plazo,1,3,1,1,n
31,1095.71,100.0,300.29,corto plazo,2,3,2,1,s
67,1133.68,100.0,619.18,corto plazo,1,3,3,4,s
55,2943.67,2001.42,0.0,corto plazo,3,1,2,2,n
21,1762.73,995.13,0.0,largo plazo,2,1,3,2,s
59,1654.83,1017.74,0.0,medio plazo,2,1,3,4,n
35,927.96,100.0,0.0,medio plazo,2,3,2,4,s
61,4365.35,3716.21,206.13,corto plazo,1,2,2,3,n
65,1272.87,679.67,0.0,corto plazo,2,3,2,3,s
42,2946.92,1573.05,0.0,largo plazo,2,2,1,2,n
24,2171.26,1056.86,0.0,medio plazo,2,3,3,4,s
55,995.15,474.12,923.69,medio plazo,3,2,1,3,s
45,3120.96,3120.96,0.0,medio plazo,1,3,3,4,s
22,1134.45,100.0,0.0,corto plazo,1,3,3,4,n
20,2531.19,1561.66,0.0,largo plazo,3,2,1,2,n
61,2662.2,1264.45,0.0,corto plazo,2,2,1,2,s
48,1199.16,654.2,385.45,medio plazo,3,2,3,4,s
64,2871.22,937.17,0.0,corto plazo,3,2,2,1,n
59,2193.77,708.59,0.0,medio plazo,2,2,2,1,s
37,1313.94,100.0,0.0,corto plazo,2,2,2,4,s
36,2149.51,2149.51,0.0,medio plazo,1,2,2,2,n
65,1764.95,1258.27,0.0,corto plazo,2,2,3,1,n
28,5725.13,4971.78,0.0,corto plazo,3,3,2,2,s
57,2717.21,2101.02,1331.87,medio plazo,3,2,2,1,n
20,1402.92,1402.92,292.64,largo plazo,2,2,2,4,s
40,5529.26,5529.26,247.35,largo plazo,1,3,3,3,s
24,2682.01,1411.57,0.0,medio plazo,3,3,1,3,n
40,1308.36,100.0,1017.54,corto plazo,2,1,2,2,s
24,1663.38,245.84,0.0,corto plazo,1,1,3,2,n
63,4233.39,2121.12,347.25,corto plazo,1,2,3,1,n
51,2190.98,775.19,242.83,medio plazo,3,2,2,4,s
59,2141.04,822.67,911.63,medio plazo,3,1,1,1,n
36,988.45,100.0,0.0,largo plazo,1,1,1,4,s
26,4464.11,3730.21,0.0,corto plazo,1,2,1,4,n
65,1561.06,100.0,0.0,corto plazo,1,1,3,2,s
68,1623.4,751.85,0.0,corto plazo,2,2,2,3,n
35,2812.66,1810.17,1162.02,medio plazo,3,3,2,3,s
58,1547.72,1547.72,0.0,corto plazo,1,3,3,2,s
65,2233.12,1113.78,0.0,corto plazo,3,1,2,3,n
62,2775.67,1548.14,1013.93,corto plazo,3,3,2,2,s
59,2322.75,1007.48,0.0,corto plazo,3,3,1,1,s
42,1824.32,1041.51,0.0,medio plazo,1,3,2,4,s
69,2407.91,1570.26,0.0,corto plazo,2,3,2,3,s
31,1889.32,450.43,0.0,corto plazo,1,2,3,3,s
61,1950.82,1322.88,1354.23,corto plazo,3,2,3,1,s
42,1106.89,199.17,598.05,corto plazo,1,1,1,1,n
36,2679.65,1695.26,0.0,corto plazo,1,3,3,3,n
56,1101.64,100.0,979.85,medio plazo,3,3,1,3,n
32,1175.95,397.48,0.0,corto plazo,3,3,1,2,n
33,7209.99,5834.87,0.0,medio plazo,1,1,2,2,s
44,2378.72,545.93,713.43,medio plazo,1,2,1,3,s
57,2763.88,1655.47,494.0,medio plazo,1,3,2,2,n
27,6740.37,5655.53,0.0,largo plazo,1,2,1,1,s
21,1350.53,165.91,337.41,medio plazo,2,1,3,4,n
68,1739.64,1162.91,502.34,corto plazo,1,2,3,2,s
36,2556.25,1953.13,861.3,largo plazo,2,3,3,4,s
45,4410.94,3114.43,0.0,corto plazo,3,2,1,2,n
38,1403.27,893.59,0.0,medio plazo,2,2,1,3,s
64,2192.82,1407.31,0.0,corto plazo,3,1,2,2,n
31,1766.93,291.75,206.13,largo plazo,2,1,2,4,n
50,1871.54,625.78,890.56,medio plazo,3,1,2,4,n
65,2090.54,926.34,0.0,corto plazo,1,1,2,3,s
27,2143.36,1499.05,0.0,corto plazo,2,2,1,4,s
36,2592.62,1217.5,0.0,corto plazo,2,2,1,3,n
47,994.68,994.68,0.0,largo plazo,3,1,2,3,s
39,1873.28,1873.28,0.0,medio plazo,3,1,1,4,n
20,1200.66,1200.66,0.0,corto plazo,2,3,1,1,n
54,2313.35,1338.91,0.0,medio plazo,3,3,1,4,s
58,1750.28,100.0,0.0,medio plazo,1,1,1,4,n
35,1943.5,1226.55,0.0,corto plazo,2,2,2,2,s
28,1940.33,1168.54,0.0,corto plazo,1,1,2,4,s
65,2145.2,2145.2,627.19,corto plazo,2,2,1,2,s
19,2845.33,1916.35,0.0,corto plazo,1,2,3,2,n
29,2379.87,1805.23,0.0,medio plazo,2,3,2,4,n
23,2707.47,2151.94,861.81,largo plazo,3,1,2,3,s
60,2133.58,961.19,959.62,corto plazo,2,1,3,1,s
57,2105.9,825.92,0.0,corto plazo,1,2,2,4,n
61,1882.66,1104.19,890.56,corto plazo,2,1,3,4,s
46,2980.57,2980.57,0.0,corto plazo,1,3,3,3,s
47,2215.87,1014.49,0.0,corto plazo,1,3,1,2,n
19,1803.35,1226.55,0.0,largo plazo,1,1,2,3,n
26,2421.12,1302.6,0.0,corto plazo,3,1,3,3,n
64,1623.99,1064.88,0.0,corto plazo,2,3,1,2,s
19,2098.65,1067.07,1227.74,medio plazo,1,1,2,4,n
46,2421.12,1495.18,0.0,corto plazo,3,2,1,3,n
50,2917.38,2917.38,0.0,medio plazo,1,1,1,3,n
27,1847.24,1847.24,0.0,corto plazo,2,2,3,4,n
51,2294.03,611.27,407.52,medio plazo,3,1,2,4,n
61,6970.99,6465.96,1376.45,corto plazo,1,1,1,1,n
25,2021.44,666.74,588.52,corto plazo,1,3,3,3,n
54,2641.43,1361.24,0.0,corto plazo,1,2,3,1,s
50,2212.47,771.2,0.0,corto plazo,2,3,1,2,n
64,2358.4,2358.4,1088.46,corto plazo,3,1,1,4,s
23,2859.54,1842.75,0.0,corto plazo,3,3,3,4,s
61,2008.96,1287.18,693.48,corto plazo,3,1,1,1,n
57,1049.83,100.0,0.0,medio plazo,1,1,1,3,s
62,2192.82,2192.82,0.0,corto plazo,3,1,2,2,n
36,1540.53,310.04,0.0,medio plazo,1,2,3,3,s
49,1698.6,100.0,0.0,corto plazo,2,2,1,3,n
44,2647.69,1672.74,0.0,medio plazo,3,2,3,1,s
18,873.05,100.0,0.0,medio plazo,1,3,2,3,n
60,1135.59,100.0,0.0,corto plazo,3,1,3,1,n
69,2019.19,1074.66,1346.91,corto plazo,3,3,3,4,s
50,3344.79,2432.93,1480.39,medio plazo,2,3,3,4,s
57,2572.47,2572.47,1385.07,medio plazo,3,1,2,4,n
49,821.5,100.0,0.0,corto plazo,2,3,2,2,s
22,2061.56,1466.65,0.0,medio plazo,3,1,3,2,n
34,1660.38,794.49,0.0,largo plazo,3,1,3,3,s
25,2515.09,1546.76,0.0,largo plazo,3,1,2,1,n
59,1590.31,100.0,0.0,medio plazo,3,1,1,3,s
51,2560.78,1084.75,1255.83,medio plazo,3,3,2,4,n
26,891.68,100.0,271.64,medio plazo,3,3,3,3,s
40,1635.32,603.75,0.0,largo plazo,2,3,1,3,n
52,2021.44,795.72,0.0,corto plazo,2,2,1,3,s
67,7783.07,6497.26,0.0,corto plazo,1,3,1,4,n
24,2163.09,1232.01,0.0,medio plazo,3,3,2,1,s
32,2598.06,1765.85,0.0,medio plazo,2,2,2,3,s
37,1369.32,250.08,1490.38,largo plazo,3,1,2,4,n
67,1403.15,100.0,0.0,corto plazo,3,1,2,2,s
42,1527.98,1527.98,0.0,medio plazo,2,1,3,1,s
20,2554.34,1533.26,0.0,largo plazo,3,2,1,4,n
63,2088.71,100.0,0.0,corto plazo,2,3,3,3,n
41,2123.55,2123.55,0.0,medio plazo,2,3,2,4,n
51,1309.68,592.45,0.0,corto plazo,1,3,2,1,n
63,1399.08,388.51,885.29,corto plazo,1,3,3,3,s
39,1561.42,1031.4,0.0,corto plazo,1,2,1,2,s
28,956.62,100.0,0.0,corto plazo,1,3,1,2,s
65,2191.07,2191.07,0.0,corto plazo,3,1,2,2,n
25,1667.85,1667.85,0.0,largo plazo,3,2,2,4,s
56,2420.08,1213.41,0.0,medio plazo,1,2,2,1,s
60,2328.89,100.0,0.0,corto plazo,2,1,2,2,n
52,1660.38,408.93,0.0,medio plazo,2,1,1,3,s
66,1793.05,732.47,785.92,corto plazo,2,3,3,3,s
63,2372.11,2372.11,0.0,corto plazo,2,1,1,3,n
55,983.7,109.22,0.0,medio plazo,3,2,3,4,s
25,1819.69,494.83,1137.46,medio plazo,2,2,2,1,n
54,1547.72,622.95,1178.04,corto plazo,2,2,2,1,n
44,2730.15,1688.78,0.0,medio plazo,1,3,3,2,s
45,1437.45,318.46,0.0,medio plazo,2,3,2,1,s
57,3443.0,2442.52,0.0,medio plazo,3,1,1,3,s
51,2609.58,1584.32,0.0,corto plazo,2,3,2,3,n
49,2598.06,902.3,0.0,corto plazo,2,3,2,4,n
32,1079.53,100.0,1219.56,medio plazo,3,2,2,3,s
61,1519.47,1013.04,0.0,corto plazo,1,2,2,1,s
34,2082.69,1251.54,0.0,largo plazo,3,1,1,3,n
50,2930.03,1915.82,0.0,medio plazo,1,2,3,2,s
64,1272.87,100.0,0.0,corto plazo,2,3,2,4,s
63,2769.46,1375.47,0.0,corto plazo,1,1,2,4,n
69,5965.22,4859.74,0.0,corto plazo,1,1,1,1,s
33,2323.36,826.45,707.11,corto plazo,1,2,1,3,s
46,2724.34,1763.18,444.42,corto plazo,2,2,1,3,s
26,1592.3,772.65,0.0,medio plazo,1,2,2,1,s
50,2263.43,1063.0,0.0,medio plazo,1,1,3,1,n
66,2308.24,1609.0,0.0,corto plazo,2,2,1,2,n
46,1742.04,1027.37,0.0,largo plazo,3,3,1,1,n
30,7899.85,7899.85,0.0,largo plazo,3,1,1,3,n
38,2008.3,953.94,264.15,medio plazo,3,2,3,2,s
38,2173.13,1093.4,0.0,largo plazo,2,3,2,4,s
22,1241.15,442.37,0.0,medio plazo,2,3,2,3,s
27,1122.02,100.0,1363.33,largo plazo,3,2,2,4,s
23,960.08,100.0,1082.42,largo plazo,1,3,1,4,n
68,2326.69,2326.69,0.0,corto plazo,3,1,2,4,s
30,2144.16,2144.16,0.0,medio plazo,2,1,1,3,s
18,810.87,100.0,346.1,corto plazo,1,3,3,4,n
37,1645.52,1089.99,1213.42,medio plazo,1,1,3,3,n
64,6301.51,5505.86,0.0,corto plazo,2,2,2,4,n
63,1238.99,606.35,0.0,corto plazo,1,3,1,1,s
25,2359.93,2359.93,0.0,medio plazo,3,1,1,1,n
27,2652.02,1948.36,0.0,corto plazo,2,2,2,3,s
26,2136.6,2136.6,0.0,medio plazo,2,2,3,4,s
66,2682.01,1720.17,0.0,corto plazo,2,1,3,4,n
58,2834.33,1947.71,0.0,medio plazo,2,3,3,4,n
20,1312.51,713.93,0.0,corto plazo,1,2,3,1,n
28,2277.74,2277.74,0.0,medio plazo,2,2,3,4,s
29,2521.25,1259.57,709.6,corto plazo,2,2,2,4,s
27,1210.16,100.0,0.0,corto plazo,1,2,2,3,s
42,1065.25,248.66,0.0,medio plazo,2,3,2,4,n
66,1973.93,100.0,0.0,corto plazo,1,1,3,1,s
66,1758.28,1229.13,456.68,corto plazo,1,1,3,4,s
42,2378.72,1313.03,0.0,largo plazo,2,1,2,1,s
28,1689.5,962.81,0.0,largo plazo,3,2,2,1,s
53,2055.71,1140.98,0.0,medio plazo,2,3,3,2,n
56,2402.08,1417.68,0.0,corto plazo,3,1,1,1,s
43,4012.4,4012.4,0.0,largo plazo,1,3,2,2,n
31,2394.49,2394.49,731.43,medio plazo,3,1,3,2,n
56,854.09,100.0,372.21,medio plazo,2,2,3,4,s
57,2890.14,2339.58,0.0,medio plazo,2,1,2,2,s
18,3026.15,3026.15,722.36,medio plazo,3,2,1,3,n
21,2972.87,1540.55,0.0,largo plazo,2,2,3,1,s
47,2866.9,1888.56,0.0,largo plazo,3,1,2,3,n
29,823.84,113.06,963.99,corto plazo,1,3,3,2,s
52,987.77,100.0,0.0,medio plazo,3,2,3,4,s
30,2154.9,571.17,0.0,largo plazo,3,3,3,1,n
69,2557.32,2557.32,821.4,corto plazo,3,1,3,3,s
48,1540.53,677.78,264.15,largo plazo,3,2,1,4,n
55,1013.79,1013.79,514.98,medio plazo,1,3,2,2,n
60,2964.75,1519.64,0.0,corto plazo,1,2,2,4,s
40,1718.68,333.71,1137.46,medio plazo,1,1,2,3,n
21,2127.59,100.0,0.0,largo plazo,3,2,2,4,s
69,1129.82,406.76,0.0,corto plazo,1,1,2,3,s
33,1787.13,158.53,0.0,largo plazo,2,3,1,4,s
24,2331.84,2331.84,376.14,largo plazo,1,2,3,1,n
39,992.81,100.0,0.0,corto plazo,3,3,3,4,s
46,3443.0,2832.94,774.4,corto plazo,2,1,2,1,s
28,3344.79,1870.54,0.0,medio plazo,3,1,3,3,n
50,2598.06,1598.75,0.0,medio plazo,2,3,3,1,n
46,2109.85,1231.75,1257.43,medio plazo,3,3,3,4,n
56,2201.84,1351.43,586.98,medio plazo,3,1,2,1,n
29,1158.46,456.61,0.0,corto plazo,2,3,2,3,s
24,2822.66,2069.86,693.48,largo plazo,1,1,1,4,s
56,2515.09,2515.09,355.9,medio plazo,2,3,2,1,s
59,2216.8,1566.11,0.0,medio plazo,2,1,1,1,s
65,1711.09,896.26,0.0,corto plazo,2,1,2,2,n
43,2973.13,2118.0,0.0,corto plazo,2,2,3,1,n
57,1532.6,1532.6,0.0,corto plazo,2,1,1,2,s
26,2998.71,1566.17,1033.65,corto plazo,3,1,1,3,n
58,2558.71,1773.02,1405.98,medio plazo,3,2,1,2,n
51,825.57,825.57,364.0,medio plazo,1,2,2,3,n
62,2049.48,100.0,0.0,corto plazo,1,3,1,1,n
30,3800.36,2786.16,0.0,medio plazo,2,3,2,1,n
53,1035.36,100.0,0.0,corto plazo,1,1,1,2,s
42,3491.98,2155.48,214.04,medio plazo,1,3,2,3,s
41,1084.93,100.0,0.0,corto plazo,2,3,1,1,n
61,1101.64,100.0,0.0,corto plazo,3,1,3,2,n
34,1592.42,1592.42,0.0,corto plazo,3,2,3,2,s
19,811.14,100.0,0.0,corto plazo,1,2,1,2,s
30,2374.81,2374.81,438.43,medio plazo,3,1,2,1,n
48,1293.77,100.0,0.0,medio plazo,3,1,2,3,n
46,1677.81,340.54,0.0,largo plazo,1,1,2,1,n
67,826.64,100.0,1305.67,corto plazo,2,1,3,4,s
45,3591.68,3591.68,713.43,corto plazo,1,1,3,4,n
44,2575.04,1979.66,0.0,corto plazo,1,1,3,1,n
32,2900.7,2060.16,0.0,medio plazo,1,3,2,3,n
48,2068.34,1076.28,0.0,largo plazo,2,3,2,2,n
57,1018.77,100.0,0.0,medio plazo,2,3,2,4,n
32,4261.21,3116.95,0.0,corto plazo,2,2,1,4,n
50,2918.58,1793.38,1490.6,corto plazo,2,1,1,1,n
37,1153.5,100.0,0.0,largo plazo,1,1,1,4,n
59,2538.07,1718.41,0.0,medio plazo,3,3,3,4,s
29,1925.69,1011.49,335.93,corto plazo,1,2,3,2,s
54,1123.56,208.83,0.0,corto plazo,2,3,2,2,s
26,1946.11,826.76,0.0,corto plazo,3,1,1,3,n
40,2210.14,2210.14,922.69,medio plazo,1,1,2,4,s
25,1941.34,465.15,624.96,medio plazo,3,3,1,3,s
49,5200.99,5200.99,0.0,largo plazo,2,3,1,3,s
65,1097.37,100.0,0.0,corto plazo,3,1,2,2,s
31,2752.95,2247.23,1026.97,corto plazo,3,3,2,2,s
44,2268.71,1423.89,0.0,largo plazo,2,1,1,1,n
42,2558.7,1942.23,359.8,corto plazo,3,3,1,2,s
30,7203.52,5755.26,587.47,largo plazo,1,2,3,3,n
38,2098.65,1184.97,0.0,largo plazo,3,1,2,4,n
62,920.48,100.0,1477.93,corto plazo,1,2,2,3,s
48,2917.38,2294.15,0.0,medio plazo,3,3,2,3,n
54,1671.73,689.02,0.0,medio plazo,3,2,2,3,s
65,2320.06,144.3,0.0,corto plazo,2,3,1,2,n
60,2773.64,2773.64,1048.38,corto plazo,2,2,3,3,n
22,1865.95,100.0,770.19,corto plazo,1,2,2,1,s
30,2980.76,2980.76,252.37,largo plazo,2,2,1,4,n
45,6284.78,5349.13,0.0,largo plazo,2,1,1,2,n
60,1512.09,210.75,876.59,corto plazo,2,2,1,3,n
42,2709.91,1834.47,0.0,medio plazo,2,3,1,1,n
68,1026.87,273.24,831.86,corto plazo,2,3,1,4,n
52,1067.05,100.0,0.0,corto plazo,1,1,2,3,n
64,826.74,100.0,0.0,corto plazo,1,1,2,4,n
56,2442.28,2442.28,294.11,medio plazo,2,3,3,2,n
24,4640.96,3224.02,885.74,corto plazo,2,2,2,2,s
55,2193.65,2193.65,545.83,medio plazo,1,3,1,1,n
49,7079.73,7079.73,1456.09,largo plazo,3,1,3,2,s
20,826.67,826.67,0.0,corto plazo,1,1,1,1,s
62,2769.46,2181.86,1312.34,corto plazo,3,3,1,3,n
56,2121.14,1420.58,0.0,corto plazo,2,2,2,4,n
54,2763.88,1728.73,0.0,medio plazo,2,2,1,2,s
67,2219.38,889.23,0.0,corto plazo,1,1,2,4,s
39,1442.72,1442.72,0.0,largo plazo,2,3,1,4,s
25,2472.64,1523.86,0.0,medio plazo,3,3,3,3,n
34,3292.75,2792.57,0.0,medio plazo,3,1,1,3,n
69,1229.53,149.92,223.9,corto plazo,1,3,2,2,n
44,1547.72,952.0,0.0,medio plazo,3,1,1,3,s
50,2241.53,1357.49,0.0,medio plazo,1,2,2,4,n
63,2193.65,708.48,452.91,corto plazo,1,2,2,1,n
34,2780.05,1580.36,272.8,medio plazo,3,3,3,1,n
59,6918.96,6252.94,0.0,corto plazo,3,2,2,1,n
29,2933.81,2933.81,0.0,medio plazo,3,2,3,2,s
65,3870.55,2433.44,0.0,corto plazo,3,1,3,3,n
63,2268.71,1515.91,0.0,corto plazo,3,1,1,3,n
44,1114.58,100.0,0.0,medio plazo,3,3,3,3,s
65,1912.96,1912.96,0.0,corto plazo,3,1,2,3,n
25,1790.82,100.0,0.0,medio plazo,2,3,2,4,s
40,1789.53,376.29,1242.11,largo plazo,1,3,3,1,s
59,2992.6,1431.7,0.0,medio plazo,1,1,1,4,n
66,5711.19,4617.04,624.96,corto plazo,3,2,3,2,s
46,1892.01,1892.01,622.12,corto plazo,1,2,3,1,n
67,842.22,842.22,0.0,corto plazo,3,2,2,1,s
37,1470.29,100.0,0.0,largo plazo,2,2,1,4,s
33,1958.09,1286.0,543.22,corto plazo,1,3,1,2,n
34,1049.12,100.0,0.0,corto plazo,1,2,1,2,s
33,2173.13,1347.3,910.31,corto plazo,2,3,1,1,n
36,2241.53,1430.53,0.0,corto plazo,2,1,2,3,n
25,1364.91,100.0,229.18,corto plazo,2,1,1,2,n
55,2537.34,1754.54,0.0,corto plazo,1,3,1,4,n
55,1621.28,340.72,831.32,medio plazo,1,2,1,2,s
46,1084.15,100.0,0.0,medio plazo,2,3,2,1,n
58,2936.33,1712.1,1023.94,medio plazo,2,2,2,3,s
53,852.0,100.0,0.0,medio plazo,2,2,1,2,n
43,1590.31,997.81,0.0,largo plazo,2,3,2,1,s
48,1200.66,196.04,857.35,corto plazo,2,3,3,2,s
61,2839.48,1643.68,0.0,corto plazo,3,2,1,3,s
29,2946.34,2002.48,567.75,corto plazo,2,3,2,4,s
34,2422.35,1507.54,0.0,corto plazo,3,2,1,1,n
32,3344.79,2465.66,0.0,largo plazo,1,3,1,1,n
26,2940.62,1989.94,0.0,medio plazo,1,1,2,3,s
56,2080.34,2080.34,0.0,medio plazo,3,2,3,1,s
59,2216.8,1504.9,0.0,medio plazo,2,1,1,3,n
65,2682.53,1555.05,0.0,corto plazo,1,3,3,1,s
29,2555.19,1561.04,0.0,corto plazo,2,1,2,3,s
49,1547.72,266.76,0.0,corto plazo,2,3,1,2,n
42,1153.78,1153.78,649.94,medio plazo,3,2,2,2,s
56,1817.9,663.74,0.0,medio plazo,1,3,2,2,s
35,2688.51,1633.01,0.0,largo plazo,1,3,2,1,n
32,2580.94,1297.16,0.0,medio plazo,3,2,2,3,s
49,2136.6,701.22,0.0,largo plazo,2,3,1,3,n
23,2771.94,1748.34,0.0,largo plazo,2,2,3,4,n
61,2123.55,2123.55,0.0,corto plazo,1,3,3,2,n
60,2536.18,1172.54,1497.7,corto plazo,3,2,1,4,n
69,1723.12,997.39,0.0,corto plazo,3,1,1,2,s
52,2357.98,1367.21,0.0,medio plazo,2,3,3,4,n
51,1997.88,1997.88,0.0,corto plazo,2,3,3,2,n
55,4203.46,3658.5,0.0,medio plazo,3,3,1,3,s
22,2263.08,2263.08,0.0,medio plazo,1,2,2,2,n
35,2580.94,1481.16,785.07,medio plazo,2,3,1,1,s
33,1205.95,492.86,0.0,corto plazo,3,2,3,2,n
25,4487.74,3564.19,0.0,medio plazo,3,3,2,2,n
42,2941.68,2104.36,438.12,largo plazo,3,1,3,3,n
49,2762.59,1558.79,580.8,largo plazo,1,3,2,1,n
43,2191.07,1187.53,0.0,largo plazo,2,1,3,3,s
69,6211.63,4437.93,0.0,corto plazo,2,2,2,4,s
39,1273.44,100.0,0.0,medio plazo,2,1,1,4,s
48,1129.82,100.0,338.16,corto plazo,1,3,1,1,n
60,993.31,100.0,0.0,corto plazo,2,3,2,4,n
27,7842.44,7326.7,0.0,medio plazo,2,2,2,1,n
29,2809.13,2809.13,0.0,largo plazo,2,3,1,2,s
45,2696.49,2149.52,0.0,medio plazo,2,3,1,4,n
23,1963.66,1963.66,0.0,medio plazo,1,2,2,2,s
37,2423.37,1459.56,0.0,corto plazo,3,2,2,3,s
22,2068.34,1290.21,391.69,medio plazo,3,1,1,4,s
40,2189.99,2189.99,245.73,largo plazo,2,2,3,3,n
26,1084.15,503.93,0.0,medio plazo,2,3,1,3,n
46,1418.12,100.0,1182.65,largo plazo,2,2,2,1,n
33,810.19,256.68,0.0,corto plazo,1,3,2,3,n
63,2232.71,1185.24,0.0,corto plazo,2,1,3,1,s
39,2980.57,2980.57,0.0,medio plazo,1,2,1,1,s
25,2213.32,1098.84,0.0,largo plazo,2,3,2,1,n
37,2144.16,1097.28,0.0,largo plazo,2,2,1,1,n
68,1030.85,512.46,1182.81,corto plazo,3,2,2,1,n
31,1229.53,1229.53,0.0,largo plazo,2,2,3,2,s
56,2940.62,2191.1,0.0,medio plazo,1,2,1,1,n
54,895.51,100.0,0.0,corto plazo,3,1,1,4,s
67,1238.99,646.49,0.0,corto plazo,1,3,3,1,s
51,2002.76,885.51,0.0,corto plazo,3,2,2,2,s
28,1210.45,312.57,0.0,largo plazo,1,3,2,4,s
57,2768.62,1727.62,792.31,medio plazo,3,1,1,4,s
50,2573.04,2573.04,0.0,corto plazo,1,3,3,2,s
48,1571.29,855.07,531.2,largo plazo,1,3,1,4,s
61,1043.04,100.0,0.0,corto plazo,2,1,1,2,n
51,7640.42,7640.42,0.0,corto plazo,3,2,2,3,n
67,2866.9,2102.43,0.0,corto plazo,3,3,2,3,n
24,1988.03,1988.03,0.0,medio plazo,2,3,2,1,s
66,863.32,100.0,0.0,corto plazo,1,2,2,1,s
40,895.51,895.51,1464.41,largo plazo,1,2,2,1,n
63,2924.81,1500.78,0.0,corto plazo,3,3,3,1,s
24,2011.89,2011.89,0.0,corto plazo,1,1,1,2,s
42,7839.3,7174.67,0.0,medio plazo,3,2,3,3,s
20,2296.5,2296.5,813.16,medio plazo,3,2,1,2,s
55,5529.26,5529.26,863.89,medio plazo,1,1,2,4,s
37,1200.24,100.0,0.0,corto plazo,1,3,3,4,s
51,1743.79,605.88,0.0,corto plazo,1,2,1,4,s
66,1083.51,384.01,0.0,corto plazo,2,3,2,4,s
61,1702.87,517.48,624.96,corto plazo,3,3,2,4,s
61,6943.07,6239.41,1316.01,corto plazo,1,3,3,3,s
47,1420.48,1420.48,808.07,largo plazo,2,1,3,2,s
34,1437.45,100.0,0.0,corto plazo,1,3,3,4,s
27,979.87,100.0,0.0,largo plazo,3,3,2,1,n
52,1469.33,1469.33,0.0,medio plazo,2,2,1,3,s
37,4482.68,4482.68,0.0,largo plazo,3,2,1,1,s
35,2494.9,1669.21,0.0,corto plazo,1,1,3,3,n
62,1029.04,513.23,0.0,corto plazo,1,1,1,3,n
61,2780.05,1632.28,1489.7,corto plazo,1,2,2,1,n
44,2898.91,1096.08,0.0,medio plazo,2,2,1,1,s
66,2290.64,1408.39,0.0,corto plazo,2,1,2,4,s
53,2791.84,1300.39,874.91,medio plazo,2,3,3,1,n
40,1629.28,100.0,1255.83,largo plazo,2,1,1,2,n
49,1168.76,256.9,0.0,medio plazo,1,3,2,3,n
27,1793.05,1793.05,0.0,largo plazo,1,2,3,3,s
28,1838.55,427.03,0.0,largo plazo,1,2,3,4,s
55,2188.5,1050.55,0.0,medio plazo,2,2,3,3,n
23,6775.21,5457.96,0.0,largo plazo,2,3,3,1,s
58,5711.19,3856.81,0.0,corto plazo,1,1,1,3,s
64,2763.63,2165.04,885.29,corto plazo,1,3,2,3,n
51,1990.79,1365.22,0.0,medio plazo,2,1,1,1,n
53,1560.53,1019.1,0.0,corto plazo,3,1,2,1,n
54,1134.45,100.0,0.0,medio plazo,1,1,3,3,s
34,2916.78,2069.27,0.0,medio plazo,1,2,1,2,s
57,1918.86,569.32,545.83,medio plazo,1,1,3,1,s
57,1978.82,873.34,1056.75,corto plazo,2,2,2,2,s
29,2078.72,772.88,0.0,corto plazo,1,1,3,2,s
38,6284.78,6284.78,0.0,corto plazo,1,1,1,4,n
57,6123.32,4976.72,0.0,medio plazo,1,2,1,2,s
36,1364.91,100.0,0.0,medio plazo,1,2,2,4,s
20,927.12,927.12,990.0,corto plazo,1,3,2,2,n
35,1032.46,100.0,0.0,medio plazo,3,1,1,4,n
68,1467.21,1467.21,662.53,corto plazo,3,2,1,1,n
36,2219.38,913.85,0.0,corto plazo,1,3,1,3,n
64,1873.28,1873.28,0.0,corto plazo,1,3,1,3,s
23,1310.87,255.37,0.0,medio plazo,1,2,2,4,s
33,1097.37,1097.37,0.0,largo plazo,1,1,1,1,n
25,2709.91,495.5,0.0,corto plazo,2,3,2,4,s
65,2737.92,1307.27,0.0,corto plazo,2,1,1,4,n
35,1968.57,517.13,0.0,corto plazo,2,1,1,1,s
69,2005.51,2005.51,0.0,corto plazo,3,3,3,2,s
65,1868.92,1868.92,321.04,corto plazo,1,2,3,2,s
60,1023.92,100.0,0.0,corto plazo,2,1,1,1,n
56,943.11,331.9,0.0,medio plazo,1,2,2,4,n
66,2115.38,1225.26,0.0,corto plazo,1,3,1,3,s
66,5148.28,4125.52,1464.85,corto plazo,3,1,3,4,s
29,2972.01,1874.0,0.0,largo plazo,3,2,1,2,n
62,2546.86,1820.82,0.0,corto plazo,2,2,3,1,n
27,7434.62,6656.15,602.48,largo plazo,2,1,1,1,s
24,1934.49,483.05,0.0,medio plazo,3,2,1,1,s
63,2933.8,1643.28,0.0,corto plazo,3,2,2,2,n
18,2123.55,1410.46,0.0,corto plazo,1,3,3,4,s
66,2407.91,2407.91,896.36,corto plazo,1,3,3,1,n
53,2728.64,1888.87,0.0,medio plazo,2,2,3,3,n
38,1007.77,100.0,1005.44,corto plazo,2,2,2,1,s
54,2180.63,318.98,0.0,corto plazo,3,1,1,4,s
69,2411.66,970.08,0.0,corto plazo,2,3,2,2,s
41,1637.37,100.0,0.0,corto plazo,1,1,1,3,n
42,1859.35,706.38,0.0,medio plazo,3,2,2,3,n
24,1615.04,325.02,496.62,medio plazo,1,1,2,1,n
59,1935.86,447.32,303.55,corto plazo,3,2,3,4,s
34,824.98,100.0,0.0,medio plazo,3,3,2,1,s
46,2402.08,1208.27,0.0,largo plazo,1,3,1,3,n
47,1583.14,1583.14,0.0,largo plazo,2,2,2,1,n
24,1129.82,1129.82,0.0,corto plazo,2,3,2,4,s
50,1383.45,100.0,475.66,corto plazo,2,2,1,2,n
24,1034.52,100.0,0.0,largo plazo,2,1,3,3,s
41,1243.58,523.87,0.0,medio plazo,1,2,1,4,s
28,1476.04,731.88,1195.35,corto plazo,3,1,1,1,n
26,1758.28,269.07,0.0,corto plazo,1,2,1,3,n
29,1580.17,744.49,0.0,medio plazo,2,3,2,1,n
52,1841.06,1226.63,0.0,corto plazo,2,2,2,1,n
21,1718.68,100.0,0.0,medio plazo,1,2,1,2,n
53,1520.49,630.59,0.0,medio plazo,3,2,1,1,s
45,2825.92,2085.93,0.0,medio plazo,1,3,3,1,n
30,1545.87,1545.87,391.69,medio plazo,1,2,2,4,s
40,4640.96,3437.17,371.65,medio plazo,1,3,2,1,n
36,2890.91,1616.6,331.23,largo plazo,3,2,2,2,n
59,2278.7,789.27,831.15,medio plazo,1,1,2,1,n
54,2318.87,1073.12,0.0,medio plazo,1,2,1,1,n
56,2156.63,1595.62,0.0,medio plazo,2,1,1,1,n
41,2890.14,1683.5,0.0,corto plazo,1,3,3,3,n
33,2964.75,1767.03,0.0,largo plazo,2,3,2,2,s
50,2744.33,1839.76,1151.18,corto plazo,2,2,2,3,n
29,2248.59,1469.18,627.19,medio plazo,2,3,1,2,n
51,826.74,100.0,0.0,medio plazo,3,2,3,2,n
24,4919.16,3470.66,0.0,corto plazo,2,3,1,4,n
28,2508.51,1915.24,350.02,medio plazo,1,1,2,3,s
48,858.01,858.01,0.0,corto plazo,1,3,2,2,s
46,2318.01,1379.83,767.56,medio plazo,2,1,3,2,s
30,1698.6,258.67,0.0,medio plazo,2,2,1,4,s
48,1618.44,1618.44,0.0,largo plazo,1,2,2,3,s
19,2369.37,901.57,1319.05,corto plazo,2,2,2,1,s
56,1056.01,473.27,0.0,medio plazo,3,1,3,4,n
32,3987.35,3125.81,0.0,corto plazo,2,2,2,2,n
28,1601.39,100.0,0.0,largo plazo,3,2,2,3,s
51,2113.05,856.72,1490.38,corto plazo,3,1,1,2,n
56,1022.47,1022.47,0.0,medio plazo,3,3,3,4,n
21,1870.67,1870.67,0.0,corto plazo,2,2,3,4,n
28,2630.7,1626.69,0.0,corto plazo,3,3,3,3,n
46,6873.17,6263.11,0.0,largo plazo,3,3,1,4,n
19,1084.15,1084.15,1272.29,medio plazo,2,2,3,4,s
33,2229.92,520.46,0.0,medio plazo,3,2,2,1,s
56,2069.19,2069.19,207.08,medio plazo,2,1,3,2,s
30,2602.22,2602.22,1426.62,corto plazo,1,1,2,1,s
54,2393.55,1311.4,0.0,corto plazo,3,2,3,1,s
34,1981.34,1184.56,0.0,medio plazo,2,3,3,3,s
38,816.64,100.0,0.0,corto plazo,1,1,1,4,n
61,1751.14,881.65,0.0,corto plazo,3,1,3,2,s
36,2215.23,169.31,0.0,medio plazo,3,2,3,2,n
24,2998.71,2201.92,0.0,largo plazo,2,2,1,2,n
55,2527.39,1640.77,960.6,corto plazo,1,2,2,4,s
25,2714.22,2714.22,345.13,corto plazo,2,2,3,2,s
30,1068.64,118.53,0.0,corto plazo,3,1,3,2,s
54,2804.04,476.54,0.0,corto plazo,3,1,2,4,n
19,2946.9,1666.56,1402.47,largo plazo,3,1,1,3,s
58,2170.53,616.06,0.0,medio plazo,3,3,3,2,s
28,2333.43,1027.91,0.0,corto plazo,1,1,1,4,s
41,1058.56,100.0,0.0,medio plazo,1,1,2,1,n
23,927.12,395.34,1152.51,corto plazo,2,2,2,4,s
43,1883.78,442.73,265.59,largo plazo,2,1,1,1,s
24,1367.89,564.27,0.0,medio plazo,2,1,2,4,n
56,2229.22,1677.44,0.0,medio plazo,3,1,2,2,n
36,2323.01,1359.89,703.34,corto plazo,2,2,3,3,n
23,1953.66,1953.66,0.0,largo plazo,1,1,1,3,s
60,865.94,865.94,0.0,corto plazo,2,1,3,2,s
46,6756.88,5383.0,0.0,corto plazo,2,3,1,1,n
60,1802.44,1058.72,0.0,corto plazo,1,3,3,4,s
56,6775.21,5346.83,566.33,medio plazo,1,3,2,2,n
19,892.61,100.0,1102.04,corto plazo,3,3,1,4,n
36,1134.45,445.17,0.0,medio plazo,1,2,1,2,n
21,832.0,128.56,0.0,largo plazo,1,3,1,2,n
23,2011.89,524.14,0.0,largo plazo,2,1,1,4,n
66,1321.95,276.36,1039.49,corto plazo,1,3,2,3,s
54,2232.71,100.0,0.0,corto plazo,3,2,2,3,s
45,1022.3,100.0,347.25,corto plazo,2,3,2,1,s
47,1082.47,1082.47,0.0,largo plazo,3,3,3,4,s
24,2461.3,1518.24,0.0,medio plazo,1,2,2,1,n
26,1322.8,1322.8,1070.96,largo plazo,3,2,3,2,s
42,2890.91,1495.02,0.0,largo plazo,3,2,3,1,n
50,2024.88,652.22,613.99,corto plazo,1,2,2,2,n
18,959.38,128.24,0.0,medio plazo,1,2,2,4,s
68,2145.2,1337.31,0.0,corto plazo,2,2,2,4,s
23,2313.9,2313.9,0.0,corto plazo,2,1,3,4,n
35,4012.4,2770.11,0.0,largo plazo,2,3,1,4,s
27,1143.24,286.47,1364.53,largo plazo,1,3,2,1,s
45,2407.43,1263.17,0.0,corto plazo,3,2,3,2,s
28,6064.7,4777.93,0.0,corto plazo,3,2,3,3,s
50,1653.97,225.59,0.0,medio plazo,2,1,2,4,n
18,923.87,923.87,0.0,largo plazo,2,1,3,4,n
30,2926.64,2398.8,1489.7,medio plazo,1,2,2,2,s
54,2378.72,945.14,0.0,corto plazo,3,1,3,3,n
37,856.79,100.0,0.0,corto plazo,2,1,1,4,n
18,824.19,100.0,367.15,largo plazo,1,2,3,3,s
69,2537.16,1719.61,0.0,corto plazo,2,2,2,4,s
20,5200.99,4328.79,0.0,medio plazo,1,2,1,1,n
35,2657.59,1946.7,0.0,largo plazo,3,2,2,1,n
58,1200.01,604.29,0.0,medio plazo,1,3,3,3,n
31,2729.84,1449.49,1113.89,medio plazo,2,3,1,2,s
48,1403.15,100.0,0.0,corto plazo,2,2,1,2,n
44,2732.99,600.97,0.0,corto plazo,3,1,3,1,n
34,2556.25,124.55,0.0,largo plazo,3,2,1,2,s
63,1659.99,1158.65,0.0,corto plazo,2,3,1,2,n
46,1733.29,1733.29,0.0,medio plazo,2,1,1,2,s
53,925.59,113.9,1207.93,medio plazo,2,3,2,3,s
54,2409.5,1289.88,808.58,corto plazo,3,2,2,3,n
43,974.72,100.0,0.0,corto plazo,2,3,1,2,s
34,1179.1,432.58,0.0,medio plazo,3,3,3,1,s
39,2883.95,2302.28,0.0,medio plazo,2,3,3,2,n
42,1153.78,100.0,0.0,largo plazo,1,1,2,4,s
19,1513.53,1513.53,0.0,largo plazo,1,3,3,1,n
39,1706.05,873.94,1060.07,medio plazo,2,1,1,3,s
22,1968.98,1968.98,0.0,medio plazo,1,2,3,4,s
21,5803.3,5803.3,0.0,corto plazo,3,2,2,2,n
53,1088.74,100.0,0.0,medio plazo,1,3,2,2,n
23,1873.28,100.0,0.0,largo plazo,1,1,1,1,n
69,2410.39,1874.46,0.0,corto plazo,3,2,2,1,s
38,2602.03,2602.03,0.0,largo plazo,1,1,2,2,n
30,1035.13,1035.13,0.0,largo plazo,1,1,2,2,s
54,1001.27,288.94,0.0,corto plazo,2,3,3,1,n
42,1130.92,100.0,0.0,largo plazo,3,3,2,4,s
43,2159.26,832.65,0.0,medio plazo,3,1,3,3,n
56,1410.24,598.04,0.0,medio plazo,2,1,2,1,s
37,941.26,100.0,0.0,corto plazo,2,3,2,4,n
50,2446.17,1529.95,0.0,corto plazo,1,1,3,2,s
31,1025.52,100.0,0.0,corto plazo,1,3,3,3,s
53,1715.54,713.05,0.0,medio plazo,1,1,1,4,s
34,1493.9,100.0,0.0,medio plazo,2,3,1,3,s
38,1583.14,956.78,0.0,corto plazo,3,1,3,3,n
63,831.67,100.0,0.0,corto plazo,1,3,2,3,s
33,1206.68,100.0,0.0,corto plazo,2,1,1,4,n
63,2573.18,2573.18,1053.03,corto plazo,3,2,3,4,s
33,1953.66,1953.66,0.0,medio plazo,2,2,3,2,n
37,1905.65,481.08,0.0,medio plazo,1,1,2,3,s
46,816.64,187.46,0.0,corto plazo,2,2,3,1,s
45,1941.93,632.61,0.0,largo plazo,2,1,1,1,n
25,1766.93,1766.93,0.0,largo plazo,2,1,2,1,n
41,2582.25,1994.66,831.86,largo plazo,2,2,3,4,s
20,1368.14,192.01,0.0,medio plazo,3,1,3,2,n
42,3495.89,3495.89,360.27,corto plazo,1,3,2,4,n
36,1030.85,454.12,0.0,medio plazo,3,1,2,3,n
50,2164.68,1132.79,0.0,corto plazo,2,1,2,1,s
19,2143.36,964.47,0.0,medio plazo,2,2,1,4,n
32,4261.21,2819.67,0.0,corto plazo,1,3,1,1,s
39,1467.21,475.15,0.0,corto plazo,1,1,3,4,n
27,1981.34,709.83,531.2,corto plazo,3,1,3,1,n
35,2883.95,1510.07,0.0,medio plazo,3,1,2,3,s
39,1197.27,100.0,0.0,largo plazo,1,1,3,1,n
63,2721.53,1819.2,0.0,corto plazo,3,1,3,3,n
66,1537.26,180.07,0.0,corto plazo,2,1,2,3,n
44,858.32,100.0,1088.46,corto plazo,2,3,1,4,n
30,1185.67,100.0,696.91,corto plazo,1,3,1,4,n
50,2809.13,1583.4,0.0,medio plazo,3,1,1,4,n
22,1501.26,1501.26,650.15,largo plazo,2,1,3,3,n
43,1765.74,1061.71,587.47,corto plazo,1,2,2,2,s
30,2881.45,1509.99,820.16,largo plazo,3,3,1,2,s
44,1192.8,311.36,1246.28,largo plazo,2,3,3,3,s
31,1876.8,682.14,1310.54,corto plazo,3,1,2,3,s
41,925.59,925.59,303.55,medio plazo,3,3,1,4,s
20,821.5,100.0,0.0,largo plazo,3,3,1,4,n
64,2446.17,1476.65,0.0,corto plazo,1,2,2,4,s
68,843.36,336.93,826.07,corto plazo,2,2,3,2,s
66,2850.66,1931.27,292.53,corto plazo,1,3,3,2,n
47,2393.55,2393.55,0.0,corto plazo,2,3,1,3,s
52,1301.46,279.86,0.0,medio plazo,2,3,2,2,n
65,1932.6,1156.84,0.0,corto plazo,1,1,3,4,n
31,1168.46,621.49,1191.7,largo plazo,1,2,2,4,s
29,2573.64,1272.29,0.0,medio plazo,2,1,2,4,s
45,7058.85,5671.73,1323.14,medio plazo,2,2,1,4,n
61,834.0,100.0,290.74,corto plazo,2,2,2,4,n
46,2993.12,2282.34,293.58,corto plazo,3,2,2,1,s
60,983.7,100.0,0.0,corto plazo,2,3,2,3,n
34,1367.35,496.18,0.0,largo plazo,1,2,3,3,s
57,2328.96,1126.32,0.0,medio plazo,1,1,1,2,s
66,1130.92,100.0,0.0,corto plazo,1,2,1,4,s
38,1153.67,100.0,0.0,medio plazo,2,1,2,1,s
40,2215.23,855.41,0.0,largo plazo,2,2,2,4,n
37,2705.59,1657.8,1278.26,largo plazo,3,2,3,4,n
28,2018.48,1148.45,781.84,corto plazo,3,3,1,2,s
51,2715.65,1347.01,0.0,medio plazo,1,1,3,1,s
27,1820.14,561.87,0.0,largo plazo,3,2,1,1,n
27,1790.82,509.31,844.4,medio plazo,3,2,3,3,n
60,1109.89,1109.89,0.0,corto plazo,1,1,2,4,n
23,1893.78,870.12,0.0,medio plazo,2,2,3,1,n
53,2490.2,1824.18,0.0,medio plazo,3,3,2,3,n
41,1200.14,366.53,0.0,medio plazo,2,1,1,1,s
29,2597.89,2597.89,0.0,corto plazo,1,3,1,4,s
60,2407.43,1902.4,0.0,corto plazo,1,1,2,3,s
40,2906.78,2906.78,0.0,corto plazo,3,1,1,1,s
44,1536.79,1536.79,0.0,medio plazo,1,1,3,2,n
62,5541.8,4591.12,0.0,corto plazo,1,2,2,1,n
54,2473.73,1540.56,0.0,medio plazo,1,1,1,4,s
23,1515.4,107.67,0.0,corto plazo,3,1,3,2,s
18,1043.04,100.0,452.91,medio plazo,3,1,3,1,n
23,1941.34,972.05,0.0,corto plazo,3,3,1,1,s
67,2541.47,1354.43,405.99,corto plazo,1,1,1,3,s
39,2594.02,981.65,0.0,largo plazo,2,2,3,4,n
58,1169.63,100.0,1352.6,corto plazo,1,1,2,1,n
41,1678.5,316.98,1188.79,largo plazo,3,1,1,1,n
42,1068.15,1068.15,0.0,corto plazo,2,3,1,1,s
32,1990.79,762.0,0.0,medio plazo,2,2,2,4,n
43,5049.52,5049.52,0.0,medio plazo,3,2,2,2,n
25,1113.49,100.0,0.0,largo plazo,2,2,1,4,s
68,2290.64,815.27,0.0,corto plazo,2,1,2,3,n
41,1273.44,100.0,0.0,corto plazo,3,1,3,3,s
65,2099.96,280.92,0.0,corto plazo,2,2,3,4,s
55,2150.65,907.83,307.56,medio plazo,2,2,3,1,s
23,1395.64,1395.64,0.0,corto plazo,3,3,1,1,s
52,2372.11,2372.11,0.0,medio plazo,2,2,2,2,n
59,2323.36,1603.65,0.0,medio plazo,2,1,3,4,s
18,1883.78,1250.12,0.0,medio plazo,2,1,2,4,n
63,2625.43,1312.0,646.13,corto plazo,2,1,3,1,n
53,1242.05,395.17,0.0,medio plazo,3,3,2,3,n
29,2884.02,1732.51,0.0,largo plazo,1,2,3,3,n
55,2181.38,2181.38,0.0,medio plazo,1,1,3,2,n
28,2474.26,1172.58,0.0,corto plazo,2,3,3,2,s
29,1018.77,404.02,0.0,largo plazo,3,3,3,3,n
59,1624.15,100.0,290.74,medio plazo,3,1,3,4,s
67,1519.47,890.3,1393.09,corto plazo,2,3,3,2,s
56,6918.96,5752.34,0.0,medio plazo,1,3,3,1,s
24,978.02,100.0,902.98,medio plazo,2,1,3,4,n
28,2941.68,1852.74,0.0,largo plazo,3,3,3,1,n
53,2357.76,2357.76,0.0,corto plazo,3,1,2,2,n
69,1629.28,351.82,372.21,corto plazo,1,1,2,3,n
48,873.05,873.05,0.0,medio plazo,3,3,1,2,s
50,2232.71,2232.71,624.96,medio plazo,3,1,3,3,n
30,2201.84,1102.07,0.0,medio plazo,3,1,2,4,n
35,2328.96,1491.65,808.07,medio plazo,1,2,2,2,s
58,1341.11,100.0,0.0,corto plazo,3,1,2,2,s
41,1587.96,100.0,643.33,medio plazo,2,2,2,2,s
26,1573.57,1573.57,703.34,largo plazo,1,2,2,4,s
48,815.29,200.5,231.47,corto plazo,2,2,2,1,s
58,949.98,100.0,0.0,medio plazo,2,2,1,1,s
27,1171.66,100.0,0.0,corto plazo,1,3,2,3,s
19,1065.4,169.69,697.55,corto plazo,2,3,1,2,n
55,2019.58,2019.58,416.79,medio plazo,1,1,1,1,n
32,2313.9,2313.9,857.5,medio plazo,2,1,3,4,s
20,7209.99,5963.22,0.0,medio plazo,1,1,3,2,s
60,2113.05,1202.56,0.0,corto plazo,3,3,3,3,n
48,2618.21,2618.21,211.7,medio plazo,3,2,2,1,s
23,880.7,100.0,0.0,medio plazo,2,3,3,4,s
20,1790.82,1105.44,0.0,corto plazo,3,3,2,4,s
28,2918.85,1433.68,1273.1,medio plazo,1,1,2,3,s
32,2839.79,1941.56,1104.03,medio plazo,2,1,3,1,s
62,2520.46,1497.25,0.0,corto plazo,3,1,3,2,n
69,2932.71,2085.82,0.0,corto plazo,3,2,1,4,s
45,1242.05,351.3,749.3,corto plazo,2,2,1,3,s
27,7366.61,5953.72,0.0,medio plazo,3,3,2,4,s
55,2923.06,2923.06,1094.68,corto plazo,3,2,2,4,n
64,1986.88,853.47,526.28,corto plazo,2,1,3,1,n
67,2809.13,1606.64,0.0,corto plazo,3,2,3,1,s
67,2844.63,1661.17,921.27,corto plazo,3,2,1,2,s
24,2717.21,1952.74,283.53,medio plazo,3,2,3,4,s
32,2506.16,1911.25,1039.49,corto plazo,3,2,2,3,s
35,1916.74,1031.64,1050.5,medio plazo,2,1,3,4,n
35,2104.47,1527.9,0.0,medio plazo,1,1,1,3,n
69,1182.57,394.56,0.0,corto plazo,1,3,2,4,s
58,1415.85,659.11,347.25,corto plazo,3,3,1,3,s
41,982.16,394.61,0.0,corto plazo,3,3,1,4,n
19,2577.86,1430.09,1321.85,largo plazo,1,2,2,4,n
57,1926.89,100.0,0.0,corto plazo,3,2,1,2,s
37,996.7,996.7,0.0,medio plazo,1,1,3,1,s
51,1876.8,1876.8,0.0,medio plazo,2,3,3,1,s
60,5771.13,4975.66,911.63,corto plazo,2,1,1,3,n
43,2893.99,1646.15,0.0,corto plazo,2,3,3,4,n
24,1466.88,100.0,1313.6,corto plazo,2,3,1,4,n
55,4487.74,3370.8,0.0,corto plazo,2,3,3,1,n
47,972.87,972.87,263.13,largo plazo,2,2,1,3,s
59,2639.16,2639.16,1154.6,medio plazo,1,3,3,2,n
22,1609.07,224.69,0.0,largo plazo,3,3,2,2,n
28,1726.99,287.33,1063.33,medio plazo,1,2,2,2,n
18,2796.65,1642.49,0.0,largo plazo,2,3,3,4,s
51,6970.99,6019.42,0.0,medio plazo,3,2,1,3,n
18,4841.55,4070.05,0.0,corto plazo,3,2,3,1,n
36,981.24,105.8,1017.89,corto plazo,2,1,1,4,n
19,2970.59,2028.84,487.89,corto plazo,2,2,3,4,s
38,2859.67,1945.99,1013.93,largo plazo,2,2,3,2,n
37,1158.46,566.36,0.0,largo plazo,2,2,2,3,s
40,2835.55,1921.72,533.68,largo plazo,2,3,1,3,s
38,2762.59,2215.8,0.0,corto plazo,2,1,1,2,n
41,3591.68,2395.05,0.0,medio plazo,3,3,1,2,s
21,2263.43,2263.43,0.0,corto plazo,2,2,1,2,n
29,1580.99,501.27,0.0,corto plazo,2,2,1,4,s
39,1360.21,100.0,1490.6,medio plazo,3,1,2,4,s
37,1897.55,1098.7,1088.46,medio plazo,1,1,3,4,n
35,991.22,991.22,0.0,medio plazo,2,2,1,1,n
18,1675.97,946.8,0.0,medio plazo,3,2,1,1,s
47,1101.15,1101.15,0.0,corto plazo,3,3,3,3,s
50,1583.41,1583.41,0.0,medio plazo,1,2,2,2,s
41,855.92,100.0,950.18,corto plazo,2,3,2,2,s
31,1083.54,100.0,0.0,medio plazo,2,1,2,4,n
53,1543.59,100.0,0.0,medio plazo,2,3,3,1,s
22,7790.37,6977.2,0.0,largo plazo,3,2,3,2,s
28,1911.56,622.15,1373.68,corto plazo,2,3,2,3,n
41,978.3,100.0,321.04,corto plazo,2,3,2,2,s
48,1858.51,1858.51,0.0,corto plazo,2,1,3,4,n
30,2751.59,2113.57,0.0,largo plazo,2,3,2,4,n
33,1200.66,100.0,0.0,largo plazo,1,2,1,1,n
41,2019.58,732.87,0.0,largo plazo,1,3,3,3,s
30,1876.8,571.27,0.0,medio plazo,1,3,2,3,n
41,2674.8,1621.42,0.0,medio plazo,2,3,1,2,n
43,1056.01,100.0,0.0,corto plazo,2,2,3,3,n
19,1504.11,802.27,0.0,largo plazo,3,3,3,2,s
33,2228.26,875.28,0.0,corto plazo,3,2,1,2,s
55,1288.64,470.03,1074.02,medio plazo,3,3,3,1,s
63,1137.37,1137.37,0.0,corto plazo,2,1,2,3,s
18,1699.22,714.87,0.0,medio plazo,1,1,3,4,n
66,939.83,100.0,950.18,corto plazo,1,1,2,2,n
28,891.46,100.0,367.15,medio plazo,1,2,1,2,n
68,1536.79,596.73,1078.19,corto plazo,2,2,1,2,s
52,2444.44,1115.12,0.0,corto plazo,1,2,3,3,n
60,978.3,100.0,0.0,corto plazo,3,3,1,3,s
46,2246.75,784.49,0.0,medio plazo,3,2,1,3,s
54,5404.86,4698.65,0.0,medio plazo,1,2,3,2,s
34,2014.2,1500.94,0.0,corto plazo,3,2,2,4,n
56,961.69,100.0,0.0,medio plazo,1,2,3,4,n
59,2157.24,341.16,831.32,medio plazo,1,1,3,3,s
45,1154.69,100.0,1104.65,corto plazo,3,3,2,4,n
46,2721.87,1479.34,428.91,medio plazo,3,1,2,2,s
60,1659.99,1659.99,0.0,corto plazo,3,3,2,3,n
20,2559.68,2559.68,1376.45,medio plazo,3,3,3,3,s
69,2775.67,1283.89,0.0,corto plazo,1,1,2,2,s
27,2566.66,2566.66,0.0,corto plazo,3,2,1,3,s
59,1960.94,1097.3,0.0,medio plazo,3,1,2,2,n
31,1721.64,259.37,0.0,medio plazo,2,3,1,3,n
29,4841.55,4214.06,0.0,largo plazo,3,3,2,4,n
64,2580.59,1229.0,0.0,corto plazo,3,2,1,3,n
59,2541.47,389.2,0.0,medio plazo,1,1,1,3,n
47,6478.09,5953.12,1051.2,corto plazo,1,3,1,3,s
49,1509.18,390.65,0.0,largo plazo,2,1,1,1,n
49,1319.31,645.07,0.0,largo plazo,3,2,1,4,s
59,1990.85,1448.51,0.0,corto plazo,3,2,2,2,n
49,2370.99,1754.07,0.0,corto plazo,3,3,3,1,n
43,1768.34,100.0,0.0,largo plazo,3,2,3,4,n
68,5290.93,4724.41,1001.13,corto plazo,3,3,3,3,s
18,1965.23,255.78,994.33,corto plazo,3,3,3,3,n
59,949.24,100.0,0.0,corto plazo,2,2,3,2,s
19,2098.51,1538.41,0.0,largo plazo,3,2,1,2,n
34,2780.05,2780.05,0.0,corto plazo,3,1,2,4,s
47,2878.48,2878.48,0.0,medio plazo,3,1,1,4,s
56,2658.01,2658.01,0.0,medio plazo,2,3,2,2,s
24,7209.99,6692.84,0.0,largo plazo,3,1,2,4,s
69,2099.83,738.32,0.0,corto plazo,2,3,2,2,n
44,4296.48,2081.58,0.0,medio plazo,1,2,2,3,n
26,2160.08,100.0,0.0,largo plazo,3,2,3,2,s
39,826.74,199.37,1195.35,medio plazo,2,1,2,1,n
51,1875.02,793.6,0.0,corto plazo,1,3,2,2,s
63,2692.27,1340.67,0.0,corto plazo,2,3,3,2,n
66,2444.44,1648.77,0.0,corto plazo,2,1,1,1,n
18,2344.33,847.93,0.0,largo plazo,1,3,1,1,n
26,2375.14,888.89,1458.06,medio plazo,3,3,1,1,s
37,1810.1,100.0,0.0,medio plazo,3,2,1,1,n
36,1953.66,1953.66,831.32,corto plazo,2,3,2,2,s
53,1497.23,100.0,0.0,corto plazo,1,3,3,4,n
57,1550.35,1550.35,0.0,medio plazo,3,3,3,1,s
62,7232.57,5996.34,0.0,corto plazo,2,1,1,3,n
21,2597.56,968.96,502.34,largo plazo,1,1,3,2,s
26,1982.27,1982.27,639.16,corto plazo,2,1,2,4,s
58,2375.53,2375.53,0.0,medio plazo,1,3,1,3,s
39,2250.58,1501.05,0.0,corto plazo,3,3,2,2,n
35,1858.51,581.05,0.0,medio plazo,3,1,2,2,s
29,2097.82,1138.49,0.0,medio plazo,2,1,2,3,n
59,888.24,100.0,0.0,corto plazo,3,3,2,1,s
60,1159.75,1159.75,0.0,corto plazo,3,3,2,1,s
56,7434.62,6818.15,0.0,corto plazo,1,2,1,3,s
26,2573.04,1653.65,0.0,medio plazo,3,1,2,4,n
23,2704.12,2063.01,0.0,corto plazo,1,3,1,1,n
36,2979.11,1955.52,0.0,largo plazo,1,1,3,2,n
65,2983.46,2187.8,269.5,corto plazo,2,1,2,2,n
64,5106.24,4056.38,0.0,corto plazo,1,1,2,4,n
24,2331.25,1083.24,0.0,corto plazo,3,2,3,2,n
33,1366.9,100.0,1213.42,largo plazo,1,3,1,1,n
22,2322.17,2322.17,831.15,corto plazo,1,3,2,4,s
33,1199.16,1199.16,0.0,largo plazo,2,1,3,1,s
18,2730.44,2014.21,321.04,medio plazo,3,3,3,4,n
68,927.96,196.48,238.73,corto plazo,3,2,2,3,n
54,1841.64,1152.5,0.0,corto plazo,3,1,1,2,n
56,7640.42,7640.42,0.0,medio plazo,1,2,1,4,n
36,5482.31,4631.89,0.0,largo plazo,3,2,2,3,n
54,2914.35,2914.35,0.0,medio plazo,3,3,3,1,s
34,2964.98,2118.1,0.0,largo plazo,1,3,2,3,n
43,1709.81,274.43,0.0,largo plazo,2,2,1,1,n
39,2455.22,1516.84,0.0,medio plazo,2,3,3,4,n
25,1057.18,100.0,0.0,largo plazo,1,2,2,4,s
50,1560.94,1038.8,0.0,medio plazo,2,2,3,2,s
19,5184.25,4581.13,0.0,corto plazo,2,1,1,2,s
47,5803.3,4971.19,0.0,corto plazo,2,2,1,4,s
64,2374.81,1827.84,0.0,corto plazo,3,2,1,1,n
37,6229.05,5652.42,0.0,medio plazo,2,3,2,1,s
35,2946.87,2946.87,0.0,corto plazo,3,1,3,4,s
60,1732.22,1732.22,0.0,corto plazo,2,3,2,1,s
27,914.01,111.53,693.48,medio plazo,3,1,2,4,s
41,2695.93,1374.28,791.66,medio plazo,1,3,2,2,s
21,2669.22,353.15,0.0,medio plazo,1,2,2,1,n
54,967.49,100.0,0.0,medio plazo,2,1,3,2,s
21,1107.23,1107.23,0.0,largo plazo,3,1,3,3,s
30,3120.96,920.23,0.0,largo plazo,1,1,2,2,s
42,820.23,100.0,1048.38,corto plazo,1,1,2,3,n
30,1401.98,100.0,0.0,medio plazo,1,3,1,2,n
35,1844.19,1217.92,0.0,corto plazo,1,3,1,2,n
41,1577.37,732.59,0.0,largo plazo,2,1,3,1,n
19,880.68,100.0,0.0,medio plazo,3,1,1,2,n
65,1451.88,485.76,0.0,corto plazo,1,1,3,4,n
50,3744.44,2387.95,0.0,corto plazo,2,3,3,1,n
36,1874.13,100.0,0.0,largo plazo,1,1,3,1,n
26,1276.83,100.0,0.0,medio plazo,1,1,1,1,s
45,2123.55,304.86,293.25,medio plazo,1,1,1,2,s
52,2590.35,516.5,0.0,corto plazo,1,3,3,1,n
56,2154.9,1371.53,0.0,medio plazo,2,2,3,3,s
27,2234.31,944.91,0.0,largo plazo,3,2,2,3,n
18,1395.83,560.21,0.0,largo plazo,2,3,3,2,s
59,1583.41,100.0,0.0,medio plazo,2,2,3,1,s
38,3794.54,2460.9,0.0,largo plazo,2,1,2,4,n
26,2180.96,2180.96,1401.84,corto plazo,1,1,3,4,s
64,2582.25,2582.25,0.0,corto plazo,3,3,3,3,n
32,2393.55,2393.55,1380.87,corto plazo,1,3,3,2,n
52,6075.06,4685.18,0.0,medio plazo,2,2,2,2,s
22,2811.46,1387.35,1490.6,corto plazo,1,2,1,2,n
58,2204.76,764.34,0.0,medio plazo,3,1,3,2,s
39,1175.15,100.0,0.0,largo plazo,3,3,2,2,s
58,1623.4,621.82,0.0,corto plazo,1,2,3,1,n
40,2191.07,888.22,844.4,medio plazo,2,2,2,1,n
24,2477.41,1860.49,0.0,medio plazo,1,1,3,1,n
40,1497.23,1497.23,0.0,medio plazo,2,1,2,4,n
61,2107.09,100.0,0.0,corto plazo,3,1,1,1,n
42,2109.17,1033.76,586.98,medio plazo,1,1,1,2,s
44,2538.07,1211.58,0.0,medio plazo,3,2,1,2,n
58,1550.75,927.51,0.0,corto plazo,2,3,3,4,s
23,2357.76,1396.24,0.0,medio plazo,2,3,2,4,n
51,2652.02,1478.32,0.0,medio plazo,1,1,3,3,s
26,2306.41,100.0,0.0,medio plazo,1,1,3,4,s
66,1199.51,1199.51,0.0,corto plazo,1,2,2,3,s
50,6642.45,5365.66,0.0,corto plazo,3,1,3,1,s
68,1892.89,931.04,0.0,corto plazo,2,3,2,2,s
23,2342.13,1718.73,0.0,medio plazo,2,1,2,3,n
54,2303.17,1035.16,0.0,corto plazo,3,3,1,3,s
48,1118.77,100.0,0.0,medio plazo,1,1,1,3,n
51,1673.36,1051.35,1247.29,corto plazo,1,1,1,4,s
58,1447.82,724.76,0.0,medio plazo,3,3,2,4,n
46,2695.93,1375.5,0.0,corto plazo,2,2,1,4,s
31,2011.89,1232.95,1476.78,largo plazo,2,2,2,3,s
53,2180.96,1043.06,0.0,medio plazo,2,1,3,1,n
53,6775.21,5338.94,979.85,corto plazo,2,1,1,2,n
32,2326.1,1276.49,861.09,largo plazo,3,3,2,4,s
25,826.67,232.34,0.0,medio plazo,2,3,2,1,s
43,1100.02,1100.02,1158.18,corto plazo,3,1,2,4,n
53,7842.44,6431.28,0.0,corto plazo,1,3,2,4,s
65,2988.8,1213.26,0.0,corto plazo,3,2,1,3,s
38,2890.91,2890.91,0.0,medio plazo,2,2,1,3,n
45,2269.79,1303.06,0.0,corto plazo,1,3,1,4,s
21,1293.77,1293.77,609.25,medio plazo,3,3,2,2,s
33,2297.1,1485.19,0.0,corto plazo,3,3,3,4,n
39,1918.86,836.67,1074.02,medio plazo,3,2,2,2,s
29,6306.85,6306.85,0.0,corto plazo,1,1,3,1,n
33,1084.93,100.0,0.0,medio plazo,3,3,1,4,n
68,2323.78,932.58,0.0,corto plazo,2,3,2,2,s
57,5243.05,4616.67,1495.85,medio plazo,1,3,2,1,s
55,1132.33,100.0,0.0,medio plazo,1,1,1,1,n
59,2877.39,1777.1,0.0,medio plazo,3,3,2,3,n
54,2323.01,1756.31,0.0,medio plazo,2,3,3,1,s
46,1656.24,100.0,0.0,corto plazo,1,2,3,3,n
35,1168.76,100.0,0.0,medio plazo,3,3,3,1,s
27,1505.72,472.46,0.0,largo plazo,2,2,2,1,n
59,2889.56,2354.55,1195.35,medio plazo,3,1,2,2,n
56,1934.49,1934.49,755.76,medio plazo,3,3,3,2,n
35,855.77,330.81,203.79,largo plazo,1,3,2,3,s
18,2987.11,2250.02,0.0,corto plazo,1,2,3,4,n
56,1006.58,100.0,0.0,corto plazo,3,1,1,2,n
38,1346.68,514.47,0.0,largo plazo,1,1,3,1,n
18,2597.56,2597.56,212.25,largo plazo,1,2,1,3,n
32,962.35,100.0,717.11,medio plazo,2,1,1,3,s
21,812.15,100.0,460.82,largo plazo,2,1,1,3,n
37,1153.67,100.0,0.0,medio plazo,3,1,3,1,s
27,2956.07,2272.62,0.0,largo plazo,3,1,3,2,n
40,2978.12,2978.12,0.0,corto plazo,3,1,2,4,n
58,2189.43,1664.2,0.0,corto plazo,3,1,2,3,s
51,2382.24,100.0,0.0,medio plazo,2,1,1,1,s
63,834.0,100.0,0.0,corto plazo,1,1,3,2,n
65,1199.16,216.45,0.0,corto plazo,2,3,2,2,n
50,2807.2,919.75,0.0,medio plazo,3,2,2,4,n
51,988.45,220.85,0.0,medio plazo,3,1,2,3,s
56,2348.98,975.25,0.0,medio plazo,2,2,3,1,n
27,1570.28,518.4,0.0,corto plazo,2,1,2,2,s
37,3176.56,3176.56,0.0,corto plazo,3,1,1,1,n
18,2219.38,1631.79,0.0,largo plazo,1,3,3,2,s
30,1303.36,100.0,0.0,corto plazo,3,2,2,3,s
18,2834.33,1927.77,0.0,medio plazo,2,2,2,3,s
22,2773.87,2027.63,0.0,medio plazo,3,3,3,4,n
33,1418.06,513.49,0.0,largo plazo,3,3,2,2,n
32,5529.26,3225.51,334.57,medio plazo,1,2,2,1,s
66,1339.77,100.0,531.2,corto plazo,3,1,1,2,s
45,1819.69,880.59,1193.15,medio plazo,3,1,3,1,s
48,6306.85,5422.05,1104.03,largo plazo,3,2,2,4,n
40,2580.94,2580.94,0.0,medio plazo,2,1,3,2,n
65,1010.18,184.92,0.0,corto plazo,2,3,3,3,n
62,1769.68,885.64,1495.01,corto plazo,1,3,1,1,s
60,2641.43,1833.54,269.5,corto plazo,3,3,1,3,n
34,2268.71,1115.32,0.0,corto plazo,2,2,3,4,n
66,7125.25,5639.94,0.0,corto plazo,1,2,1,4,n
51,1230.74,183.86,0.0,corto plazo,3,2,1,1,s
30,947.57,198.04,0.0,corto plazo,1,1,2,2,n
31,875.65,875.65,0.0,largo plazo,1,2,1,3,n
28,4839.7,3440.44,874.91,largo plazo,1,2,1,3,n
45,2279.72,1749.7,0.0,corto plazo,1,3,2,1,n
59,1418.12,482.47,0.0,medio plazo,1,1,2,1,n
49,962.9,100.0,0.0,corto plazo,1,1,3,1,s
52,2823.68,1564.6,0.0,medio plazo,1,3,1,4,s
48,6219.52,6219.52,0.0,medio plazo,3,1,2,4,s
34,2316.82,1781.88,0.0,largo plazo,3,2,1,3,s
64,1953.93,774.95,824.14,corto plazo,1,1,3,2,n
26,1971.7,1971.7,1113.89,largo plazo,3,3,1,1,n
27,2766.56,2184.54,0.0,medio plazo,1,1,1,4,s
25,4777.47,3688.25,0.0,corto plazo,3,3,1,2,s
38,2549.59,1887.05,0.0,largo plazo,2,2,2,1,s
30,958.84,100.0,827.71,largo plazo,1,2,2,2,n
67,1735.47,462.48,0.0,corto plazo,2,3,3,1,n
22,6664.01,6158.6,0.0,corto plazo,1,2,1,2,n
23,858.37,858.37,0.0,largo plazo,1,2,3,3,s
47,1018.77,211.8,805.16,medio plazo,2,1,3,1,s
48,1398.72,1398.72,0.0,corto plazo,2,2,2,1,s
34,4672.56,3626.97,0.0,corto plazo,2,3,1,3,n
28,2080.78,1545.77,0.0,largo plazo,1,2,1,1,n
37,1843.18,774.72,0.0,largo plazo,2,1,3,1,s
65,2780.92,1965.91,824.14,corto plazo,2,3,1,4,s
26,2577.26,2577.26,1353.8,largo plazo,3,2,2,3,n
19,1626.28,1626.28,1389.61,medio plazo,3,2,3,4,n
54,2103.17,1118.83,295.09,medio plazo,2,2,3,3,s
18,2575.04,1539.67,0.0,largo plazo,2,3,2,2,s
21,1781.21,697.66,0.0,corto plazo,2,1,2,3,n
53,2644.32,1827.74,293.25,medio plazo,2,3,2,3,s
42,1801.48,684.27,1104.65,corto plazo,3,3,2,4,s
20,4261.21,3048.36,0.0,corto plazo,1,1,2,1,n
26,7013.22,6346.29,1289.86,corto plazo,2,3,2,3,s
39,2076.38,756.77,0.0,medio plazo,2,3,3,1,n
40,2221.02,1675.77,0.0,corto plazo,3,2,1,3,s
29,2844.96,1828.54,0.0,corto plazo,2,3,1,4,n
27,2272.87,457.86,1475.88,medio plazo,2,2,3,3,s
51,2388.99,1078.73,0.0,corto plazo,3,3,1,2,s
60,2135.61,1189.41,0.0,corto plazo,2,2,1,3,s
27,1064.46,1064.46,0.0,largo plazo,2,2,3,3,n
47,1292.4,100.0,0.0,corto plazo,3,2,1,1,s
39,2609.46,2609.46,0.0,corto plazo,1,1,1,1,s
23,1384.32,100.0,822.31,corto plazo,2,3,3,2,n
67,2028.49,1064.5,0.0,corto plazo,2,3,1,3,s
19,2752.95,1275.92,1193.15,corto plazo,1,3,2,1,n
47,2194.81,1237.37,0.0,medio plazo,3,1,3,3,n
19,2298.46,100.0,0.0,corto plazo,1,2,1,4,n
49,2354.91,1270.41,0.0,corto plazo,2,3,1,4,s
59,2154.9,1093.64,0.0,medio plazo,1,1,2,2,n
33,843.36,843.36,544.62,medio plazo,3,1,3,4,s
29,855.77,100.0,0.0,corto plazo,2,3,3,1,n
18,2190.98,1373.0,0.0,corto plazo,3,2,1,1,s
25,2972.01,2240.53,1258.93,corto plazo,3,1,2,2,n
65,1700.53,853.03,0.0,corto plazo,1,3,2,3,n
67,7703.4,6327.99,1220.51,corto plazo,1,2,2,1,s
30,956.62,100.0,0.0,corto plazo,3,1,2,4,n
32,2509.72,1342.95,940.14,medio plazo,3,1,2,1,s
61,2359.24,1097.56,0.0,corto plazo,2,3,2,2,n
25,3925.98,1768.26,0.0,medio plazo,3,3,3,4,s
27,2352.27,1142.15,1286.65,medio plazo,3,2,1,4,n
63,2772.93,2772.93,0.0,corto plazo,1,3,1,4,n
22,848.67,100.0,533.68,corto plazo,3,3,2,2,s
67,868.49,100.0,0.0,corto plazo,3,2,3,2,n
36,2969.66,2188.78,0.0,medio plazo,1,3,3,3,s
64,2083.41,1185.53,249.37,corto plazo,2,2,2,3,s
55,5725.13,4779.75,0.0,medio plazo,1,2,1,3,n
28,2248.59,1604.65,0.0,largo plazo,1,2,2,2,n
60,2845.33,2845.33,737.74,corto plazo,3,3,3,4,n
37,2331.84,961.9,0.0,corto plazo,3,2,2,4,s
37,2708.05,1831.52,994.33,medio plazo,2,3,1,1,s
38,1742.04,100.0,1216.13,largo plazo,3,2,1,3,n
35,1583.14,660.48,0.0,corto plazo,2,3,3,4,s
67,6970.99,6970.99,692.71,corto plazo,2,2,2,4,n
27,2370.99,2370.99,663.31,medio plazo,2,1,2,4,n
51,2937.92,2937.92,0.0,medio plazo,2,1,3,4,n
43,2970.59,858.31,1262.1,medio plazo,3,1,2,2,s
47,858.37,100.0,0.0,corto plazo,1,2,3,3,s
26,2755.25,2755.25,0.0,largo plazo,1,3,2,4,n
63,1628.22,100.0,580.66,corto plazo,3,2,1,4,s
68,2789.15,1963.33,0.0,corto plazo,3,2,3,4,n
48,3737.26,2906.12,0.0,largo plazo,2,2,2,4,n
59,1712.17,652.77,1258.93,medio plazo,3,2,2,1,s
21,2137.02,871.86,0.0,medio plazo,1,3,2,4,n
23,1210.45,100.0,0.0,largo plazo,3,2,3,4,n
31,1324.0,100.0,0.0,corto plazo,3,1,1,4,n
21,1718.68,1718.68,0.0,medio plazo,2,1,2,1,n
43,2487.81,2487.81,543.17,corto plazo,2,1,3,2,n
64,1817.77,1817.77,0.0,corto plazo,2,2,2,1,s
65,1206.68,100.0,0.0,corto plazo,2,3,1,4,s
56,3176.56,2647.4,0.0,medio plazo,1,3,1,2,n
34,2902.15,1792.21,0.0,largo plazo,3,3,1,4,s
36,1750.28,680.79,0.0,corto plazo,3,2,3,2,n
68,2652.02,2097.63,0.0,corto plazo,2,3,2,4,n
66,2397.1,1601.45,1310.79,corto plazo,1,1,3,4,n
23,5243.05,4299.75,283.53,medio plazo,1,3,2,2,n
46,1689.11,738.99,831.15,corto plazo,3,2,3,2,s
28,2461.3,1213.3,0.0,corto plazo,2,2,2,4,s
